2025-12-22 16:52:07,389 | INFO | Device check start
2025-12-22 16:52:07,389 | INFO | Configured device count=1
2025-12-22 16:52:07,389 | INFO | Config device name=cDAQ3 model=cDAQ3Mod1 channels=3
2025-12-22 16:52:07,519 | INFO | Detected NI-DAQmx device count=0
2025-12-22 16:52:07,519 | WARNING | Config device not found name=cDAQ3 model=cDAQ3Mod1
2025-12-22 16:53:15,175 | INFO | Device check start
2025-12-22 16:53:15,175 | INFO | Configured device count=1
2025-12-22 16:53:15,176 | INFO | Config device name=cDAQ3 model=cDAQ3Mod1 channels=3
2025-12-22 16:53:15,303 | INFO | Detected NI-DAQmx device count=0
2025-12-22 16:53:15,303 | WARNING | Config device not found name=cDAQ3 model=cDAQ3Mod1
2025-12-22 16:53:31,813 | INFO | Device check start
2025-12-22 16:53:31,816 | INFO | Configured device count=1
2025-12-22 16:53:31,816 | INFO | Config device name=cDAQ3 model=cDAQ3Mod1 channels=3
2025-12-22 16:53:31,961 | INFO | Detected NI-DAQmx device count=3
2025-12-22 16:53:32,010 | INFO | Detected device name=cDAQ4 product=cDAQ-9174 serial=26904991 ai_channels=0
2025-12-22 16:53:32,014 | INFO | Detected device name=cDAQ4Mod1 product=NI 9234 serial=32505222 ai_channels=4
2025-12-22 16:53:32,017 | INFO | Detected device name=cDAQ4Mod2 product=NI 9234 serial=35279438 ai_channels=4
2025-12-22 16:53:32,017 | WARNING | Config device not found name=cDAQ3 model=cDAQ3Mod1
2025-12-22 16:54:54,118 | INFO | Device check start
2025-12-22 16:54:54,119 | INFO | Configured device count=1
2025-12-22 16:54:54,119 | INFO | Config device name=cDAQ3 model=cDAQ3Mod1 channels=3
2025-12-22 16:54:54,254 | INFO | Detected NI-DAQmx device count=2
2025-12-22 16:54:54,297 | INFO | Detected device name=cDAQ3 product=cDAQ-9171 serial=30567211 ai_channels=0
2025-12-22 16:54:54,301 | INFO | Detected device name=cDAQ3Mod1 product=NI 9230 (BNC) serial=36103754 ai_channels=3
2025-12-22 16:54:54,303 | INFO | Config match name=cDAQ3 actual_name=cDAQ3 product=cDAQ-9171 serial=30567211 ai_channels=0 config_channels=3
2026-01-05 16:34:35,529 | INFO | Device check start
2026-01-05 16:34:35,530 | INFO | Configured device count=1
2026-01-05 16:34:35,530 | INFO | Config device name=cDAQ3 model=cDAQ3Mod1 channels=3
2026-01-05 16:34:35,756 | INFO | Detected NI-DAQmx device count=2
2026-01-05 16:34:35,803 | INFO | Detected device name=cDAQ3 product=cDAQ-9171 serial=30567211 ai_channels=0
2026-01-05 16:34:35,808 | INFO | Detected device name=cDAQ3Mod1 product=NI 9230 (BNC) serial=36103754 ai_channels=3
2026-01-05 16:34:35,809 | INFO | Config match name=cDAQ3 actual_name=cDAQ3 product=cDAQ-9171 serial=30567211 ai_channels=0 config_channels=3
2026-01-05 17:19:22,874 | INFO | Device check start
2026-01-05 17:19:22,875 | INFO | Configured device count=1
2026-01-05 17:19:22,875 | INFO | Config device name=cDAQ3 model=cDAQ3Mod1 channels=3
2026-01-05 17:19:23,073 | INFO | Detected NI-DAQmx device count=2
2026-01-05 17:19:23,126 | INFO | Detected device name=cDAQ3 product=cDAQ-9171 serial=30567211 ai_channels=0
2026-01-05 17:19:23,132 | INFO | Detected device name=cDAQ3Mod1 product=NI 9230 (BNC) serial=36103754 ai_channels=3
2026-01-05 17:19:23,133 | INFO | Config match name=cDAQ3 actual_name=cDAQ3 product=cDAQ-9171 serial=30567211 ai_channels=0 config_channels=3
2026-01-06 17:00:31,289 | INFO | Device check start
2026-01-06 17:00:31,289 | INFO | Configured device count=1
2026-01-06 17:00:31,289 | INFO | Config device name=cDAQ3 model=cDAQ3Mod1 channels=3
2026-01-06 17:00:31,498 | INFO | Detected NI-DAQmx device count=2
2026-01-06 17:00:31,546 | INFO | Detected device name=cDAQ3 product=cDAQ-9171 serial=30567211 ai_channels=0
2026-01-06 17:00:31,552 | INFO | Detected device name=cDAQ3Mod1 product=NI 9230 (BNC) serial=36103754 ai_channels=3
2026-01-06 17:00:31,552 | INFO | Config match name=cDAQ3 actual_name=cDAQ3 product=cDAQ-9171 serial=30567211 ai_channels=0 config_channels=3
2026-01-06 17:11:11,018 | INFO | Device check start
2026-01-06 17:11:11,018 | INFO | Configured device count=1
2026-01-06 17:11:11,018 | INFO | Config device name=cDAQ3 model=cDAQ3Mod1 channels=3
2026-01-06 17:11:11,019 | INFO | Detected NI-DAQmx device count=2
2026-01-06 17:11:11,020 | INFO | Detected device name=cDAQ3 product=cDAQ-9171 serial=30567211 ai_channels=0
2026-01-06 17:11:11,025 | INFO | Detected device name=cDAQ3Mod1 product=NI 9230 (BNC) serial=36103754 ai_channels=3
2026-01-06 17:11:11,026 | INFO | Config match name=cDAQ3 actual_name=cDAQ3 product=cDAQ-9171 serial=30567211 ai_channels=0 config_channels=3
2026-01-06 17:11:13,266 | INFO | Device check start
2026-01-06 17:11:13,266 | INFO | Configured device count=1
2026-01-06 17:11:13,266 | INFO | Config device name=cDAQ3 model=cDAQ3Mod1 channels=3
2026-01-06 17:11:13,266 | INFO | Detected NI-DAQmx device count=2
2026-01-06 17:11:13,267 | INFO | Detected device name=cDAQ3 product=cDAQ-9171 serial=30567211 ai_channels=0
2026-01-06 17:11:13,270 | INFO | Detected device name=cDAQ3Mod1 product=NI 9230 (BNC) serial=36103754 ai_channels=3
2026-01-06 17:11:13,271 | INFO | Config match name=cDAQ3 actual_name=cDAQ3 product=cDAQ-9171 serial=30567211 ai_channels=0 config_channels=3
2026-01-06 17:11:17,587 | INFO | Device check start
2026-01-06 17:11:17,588 | INFO | Configured device count=1
2026-01-06 17:11:17,588 | INFO | Config device name=cDAQ3 model=cDAQ3Mod1 channels=3
2026-01-06 17:11:17,588 | INFO | Detected NI-DAQmx device count=2
2026-01-06 17:11:17,589 | INFO | Detected device name=cDAQ3 product=cDAQ-9171 serial=30567211 ai_channels=0
2026-01-06 17:11:17,592 | INFO | Detected device name=cDAQ3Mod1 product=NI 9230 (BNC) serial=36103754 ai_channels=3
2026-01-06 17:11:17,593 | INFO | Config match name=cDAQ3 actual_name=cDAQ3 product=cDAQ-9171 serial=30567211 ai_channels=0 config_channels=3
2026-01-06 17:11:19,813 | INFO | Device check start
2026-01-06 17:11:19,814 | INFO | Configured device count=1
2026-01-06 17:11:19,814 | INFO | Config device name=cDAQ3 model=cDAQ3Mod1 channels=3
2026-01-06 17:11:19,814 | INFO | Detected NI-DAQmx device count=2
2026-01-06 17:11:19,815 | INFO | Detected device name=cDAQ3 product=cDAQ-9171 serial=30567211 ai_channels=0
2026-01-06 17:11:19,818 | INFO | Detected device name=cDAQ3Mod1 product=NI 9230 (BNC) serial=36103754 ai_channels=3
2026-01-06 17:11:19,819 | INFO | Config match name=cDAQ3 actual_name=cDAQ3 product=cDAQ-9171 serial=30567211 ai_channels=0 config_channels=3
2026-01-06 17:11:22,550 | INFO | Device check start
2026-01-06 17:11:22,550 | INFO | Configured device count=1
2026-01-06 17:11:22,550 | INFO | Config device name=cDAQ3 model=cDAQ3Mod1 channels=3
2026-01-06 17:11:22,551 | INFO | Detected NI-DAQmx device count=2
2026-01-06 17:11:22,552 | INFO | Detected device name=cDAQ3 product=cDAQ-9171 serial=30567211 ai_channels=0
2026-01-06 17:11:22,554 | INFO | Detected device name=cDAQ3Mod1 product=NI 9230 (BNC) serial=36103754 ai_channels=3
2026-01-06 17:11:22,555 | INFO | Config match name=cDAQ3 actual_name=cDAQ3 product=cDAQ-9171 serial=30567211 ai_channels=0 config_channels=3
2026-01-06 17:17:36,874 | INFO | Device check start
2026-01-06 17:17:36,874 | INFO | Configured device count=1
2026-01-06 17:17:36,874 | INFO | Config device name=cDAQ3 model=cDAQ3Mod1 channels=3
2026-01-06 17:17:36,875 | INFO | Detected NI-DAQmx device count=2
2026-01-06 17:17:36,876 | INFO | Detected device name=cDAQ3 product=cDAQ-9171 serial=30567211 ai_channels=0
2026-01-06 17:17:36,879 | INFO | Detected device name=cDAQ3Mod1 product=NI 9230 (BNC) serial=36103754 ai_channels=3
2026-01-06 17:17:36,880 | INFO | Config match name=cDAQ3 actual_name=cDAQ3 product=cDAQ-9171 serial=30567211 ai_channels=0 config_channels=3
2026-01-06 17:17:39,129 | INFO | Device check start
2026-01-06 17:17:39,129 | INFO | Configured device count=1
2026-01-06 17:17:39,129 | INFO | Config device name=cDAQ3 model=cDAQ3Mod1 channels=3
2026-01-06 17:17:39,129 | INFO | Detected NI-DAQmx device count=2
2026-01-06 17:17:39,132 | INFO | Detected device name=cDAQ3 product=cDAQ-9171 serial=30567211 ai_channels=0
2026-01-06 17:17:39,135 | INFO | Detected device name=cDAQ3Mod1 product=NI 9230 (BNC) serial=36103754 ai_channels=3
2026-01-06 17:17:39,136 | INFO | Config match name=cDAQ3 actual_name=cDAQ3 product=cDAQ-9171 serial=30567211 ai_channels=0 config_channels=3
2026-01-06 17:31:07,658 | INFO | Device check start
2026-01-06 17:31:07,658 | INFO | Configured device count=1
2026-01-06 17:31:07,659 | INFO | Config device name=cDAQ3 model=cDAQ3Mod1 channels=3
2026-01-06 17:31:07,847 | INFO | Detected NI-DAQmx device count=2
2026-01-06 17:31:07,895 | INFO | Detected device name=cDAQ3 product=cDAQ-9171 serial=30567211 ai_channels=0
2026-01-06 17:31:07,901 | INFO | Detected device name=cDAQ3Mod1 product=NI 9230 (BNC) serial=36103754 ai_channels=3
2026-01-06 17:31:07,902 | INFO | Config match name=cDAQ3 actual_name=cDAQ3 product=cDAQ-9171 serial=30567211 ai_channels=0 config_channels=3
2026-01-06 17:44:01,909 | INFO | Device check start
2026-01-06 17:44:01,909 | INFO | Configured device count=1
2026-01-06 17:44:01,910 | INFO | Config device name=cDAQ3 model=cDAQ3Mod1 channels=3
2026-01-06 17:44:02,091 | INFO | Detected NI-DAQmx device count=2
2026-01-06 17:44:02,136 | INFO | Detected device name=cDAQ3 product=cDAQ-9171 serial=30567211 ai_channels=0
2026-01-06 17:44:02,142 | INFO | Detected device name=cDAQ3Mod1 product=NI 9230 (BNC) serial=36103754 ai_channels=3
2026-01-06 17:44:02,143 | INFO | Config match name=cDAQ3 actual_name=cDAQ3 product=cDAQ-9171 serial=30567211 ai_channels=0 config_channels=3
2026-01-06 17:44:23,030 | INFO | Device check start
2026-01-06 17:44:23,030 | INFO | Configured device count=1
2026-01-06 17:44:23,030 | INFO | Config device name=cDAQ3 model=cDAQ3Mod1 channels=3
2026-01-06 17:44:23,031 | INFO | Detected NI-DAQmx device count=2
2026-01-06 17:44:23,032 | INFO | Detected device name=cDAQ3 product=cDAQ-9171 serial=30567211 ai_channels=0
2026-01-06 17:44:23,034 | INFO | Detected device name=cDAQ3Mod1 product=NI 9230 (BNC) serial=36103754 ai_channels=3
2026-01-06 17:44:23,035 | INFO | Config match name=cDAQ3 actual_name=cDAQ3 product=cDAQ-9171 serial=30567211 ai_channels=0 config_channels=3
2026-01-06 17:44:41,920 | INFO | Device check start
2026-01-06 17:44:41,920 | INFO | Configured device count=1
2026-01-06 17:44:41,920 | INFO | Config device name=cDAQ3 model=cDAQ3Mod1 channels=3
2026-01-06 17:44:41,921 | INFO | Detected NI-DAQmx device count=2
2026-01-06 17:44:41,922 | INFO | Detected device name=cDAQ3 product=cDAQ-9171 serial=30567211 ai_channels=0
2026-01-06 17:44:41,924 | INFO | Detected device name=cDAQ3Mod1 product=NI 9230 (BNC) serial=36103754 ai_channels=3
2026-01-06 17:44:41,925 | INFO | Config match name=cDAQ3 actual_name=cDAQ3 product=cDAQ-9171 serial=30567211 ai_channels=0 config_channels=3
2026-01-06 17:45:04,185 | INFO | Device check start
2026-01-06 17:45:04,185 | INFO | Configured device count=1
2026-01-06 17:45:04,185 | INFO | Config device name=cDAQ3 model=cDAQ3Mod1 channels=3
2026-01-06 17:45:04,187 | INFO | Detected NI-DAQmx device count=2
2026-01-06 17:45:04,188 | INFO | Detected device name=cDAQ3 product=cDAQ-9171 serial=30567211 ai_channels=0
2026-01-06 17:45:04,191 | INFO | Detected device name=cDAQ3Mod1 product=NI 9230 (BNC) serial=36103754 ai_channels=3
2026-01-06 17:45:04,192 | INFO | Config match name=cDAQ3 actual_name=cDAQ3 product=cDAQ-9171 serial=30567211 ai_channels=0 config_channels=3
2026-01-06 17:50:37,857 | INFO | Device check start
2026-01-06 17:50:37,857 | INFO | Configured device count=1
2026-01-06 17:50:37,857 | INFO | Config device name=cDAQ3 model=cDAQ3Mod1 channels=3
2026-01-06 17:50:37,858 | INFO | Detected NI-DAQmx device count=2
2026-01-06 17:50:37,859 | INFO | Detected device name=cDAQ3 product=cDAQ-9171 serial=30567211 ai_channels=0
2026-01-06 17:50:37,861 | INFO | Detected device name=cDAQ3Mod1 product=NI 9230 (BNC) serial=36103754 ai_channels=3
2026-01-06 17:50:37,862 | INFO | Config match name=cDAQ3 actual_name=cDAQ3 product=cDAQ-9171 serial=30567211 ai_channels=0 config_channels=3
2026-01-06 17:50:45,528 | INFO | Device check start
2026-01-06 17:50:45,528 | INFO | Configured device count=1
2026-01-06 17:50:45,528 | INFO | Config device name=cDAQ3 model=cDAQ3Mod1 channels=3
2026-01-06 17:50:45,528 | INFO | Detected NI-DAQmx device count=2
2026-01-06 17:50:45,530 | INFO | Detected device name=cDAQ3 product=cDAQ-9171 serial=30567211 ai_channels=0
2026-01-06 17:50:45,533 | INFO | Detected device name=cDAQ3Mod1 product=NI 9230 (BNC) serial=36103754 ai_channels=3
2026-01-06 17:50:45,534 | INFO | Config match name=cDAQ3 actual_name=cDAQ3 product=cDAQ-9171 serial=30567211 ai_channels=0 config_channels=3
2026-01-06 17:51:03,196 | INFO | Device check start
2026-01-06 17:51:03,196 | INFO | Configured device count=1
2026-01-06 17:51:03,196 | INFO | Config device name=cDAQ3 model=cDAQ3Mod1 channels=3
2026-01-06 17:51:03,197 | INFO | Detected NI-DAQmx device count=2
2026-01-06 17:51:03,198 | INFO | Detected device name=cDAQ3 product=cDAQ-9171 serial=30567211 ai_channels=0
2026-01-06 17:51:03,200 | INFO | Detected device name=cDAQ3Mod1 product=NI 9230 (BNC) serial=36103754 ai_channels=3
2026-01-06 17:51:03,201 | INFO | Config match name=cDAQ3 actual_name=cDAQ3 product=cDAQ-9171 serial=30567211 ai_channels=0 config_channels=3
2026-01-06 17:51:23,316 | INFO | Device check start
2026-01-06 17:51:23,316 | INFO | Configured device count=1
2026-01-06 17:51:23,316 | INFO | Config device name=cDAQ3 model=cDAQ3Mod1 channels=3
2026-01-06 17:51:23,318 | INFO | Detected NI-DAQmx device count=2
2026-01-06 17:51:23,319 | INFO | Detected device name=cDAQ3 product=cDAQ-9171 serial=30567211 ai_channels=0
2026-01-06 17:51:23,321 | INFO | Detected device name=cDAQ3Mod1 product=NI 9230 (BNC) serial=36103754 ai_channels=3
2026-01-06 17:51:23,322 | INFO | Config match name=cDAQ3 actual_name=cDAQ3 product=cDAQ-9171 serial=30567211 ai_channels=0 config_channels=3
2026-01-06 17:51:41,990 | INFO | Device check start
2026-01-06 17:51:41,990 | INFO | Configured device count=1
2026-01-06 17:51:41,990 | INFO | Config device name=cDAQ3 model=cDAQ3Mod1 channels=3
2026-01-06 17:51:41,991 | INFO | Detected NI-DAQmx device count=2
2026-01-06 17:51:41,992 | INFO | Detected device name=cDAQ3 product=cDAQ-9171 serial=30567211 ai_channels=0
2026-01-06 17:51:41,995 | INFO | Detected device name=cDAQ3Mod1 product=NI 9230 (BNC) serial=36103754 ai_channels=3
2026-01-06 17:51:41,996 | INFO | Config match name=cDAQ3 actual_name=cDAQ3 product=cDAQ-9171 serial=30567211 ai_channels=0 config_channels=3
2026-01-06 17:52:41,989 | INFO | Device check start
2026-01-06 17:52:41,989 | INFO | Configured device count=1
2026-01-06 17:52:41,989 | INFO | Config device name=cDAQ3 model=cDAQ3Mod1 channels=3
2026-01-06 17:52:41,990 | INFO | Detected NI-DAQmx device count=2
2026-01-06 17:52:41,991 | INFO | Detected device name=cDAQ3 product=cDAQ-9171 serial=30567211 ai_channels=0
2026-01-06 17:52:41,993 | INFO | Detected device name=cDAQ3Mod1 product=NI 9230 (BNC) serial=36103754 ai_channels=3
2026-01-06 17:52:41,995 | INFO | Config match name=cDAQ3 actual_name=cDAQ3 product=cDAQ-9171 serial=30567211 ai_channels=0 config_channels=3
2026-01-06 17:52:49,401 | INFO | Device check start
2026-01-06 17:52:49,401 | INFO | Configured device count=1
2026-01-06 17:52:49,401 | INFO | Config device name=cDAQ3 model=cDAQ3Mod1 channels=3
2026-01-06 17:52:49,402 | INFO | Detected NI-DAQmx device count=2
2026-01-06 17:52:49,403 | INFO | Detected device name=cDAQ3 product=cDAQ-9171 serial=30567211 ai_channels=0
2026-01-06 17:52:49,405 | INFO | Detected device name=cDAQ3Mod1 product=NI 9230 (BNC) serial=36103754 ai_channels=3
2026-01-06 17:52:49,406 | INFO | Config match name=cDAQ3 actual_name=cDAQ3 product=cDAQ-9171 serial=30567211 ai_channels=0 config_channels=3
2026-01-06 17:54:54,069 | INFO | Device check start
2026-01-06 17:54:54,069 | INFO | Configured device count=1
2026-01-06 17:54:54,069 | INFO | Config device name=cDAQ3 model=cDAQ3Mod1 channels=3
2026-01-06 17:54:54,070 | INFO | Detected NI-DAQmx device count=2
2026-01-06 17:54:54,071 | INFO | Detected device name=cDAQ3 product=cDAQ-9171 serial=30567211 ai_channels=0
2026-01-06 17:54:54,073 | INFO | Detected device name=cDAQ3Mod1 product=NI 9230 (BNC) serial=36103754 ai_channels=3
2026-01-06 17:54:54,074 | INFO | Config match name=cDAQ3 actual_name=cDAQ3 product=cDAQ-9171 serial=30567211 ai_channels=0 config_channels=3
2026-01-06 17:56:32,740 | INFO | Device check start
2026-01-06 17:56:32,740 | INFO | Device check start
2026-01-06 17:56:32,740 | INFO | Configured device count=1
2026-01-06 17:56:32,740 | INFO | Configured device count=1
2026-01-06 17:56:32,741 | INFO | Config device name=cDAQ3 model=cDAQ3Mod1 channels=3
2026-01-06 17:56:32,741 | INFO | Config device name=cDAQ3 model=cDAQ3Mod1 channels=3
2026-01-06 17:56:32,741 | INFO | Detected NI-DAQmx device count=2
2026-01-06 17:56:32,741 | INFO | Detected NI-DAQmx device count=2
2026-01-06 17:56:32,742 | INFO | Detected device name=cDAQ3 product=cDAQ-9171 serial=30567211 ai_channels=0
2026-01-06 17:56:32,742 | INFO | Detected device name=cDAQ3 product=cDAQ-9171 serial=30567211 ai_channels=0
2026-01-06 17:56:32,746 | INFO | Detected device name=cDAQ3Mod1 product=NI 9230 (BNC) serial=36103754 ai_channels=3
2026-01-06 17:56:32,747 | INFO | Detected device name=cDAQ3Mod1 product=NI 9230 (BNC) serial=36103754 ai_channels=3
2026-01-06 17:56:32,747 | INFO | Config match name=cDAQ3 actual_name=cDAQ3 product=cDAQ-9171 serial=30567211 ai_channels=0 config_channels=3
2026-01-06 17:56:32,748 | INFO | Config match name=cDAQ3 actual_name=cDAQ3 product=cDAQ-9171 serial=30567211 ai_channels=0 config_channels=3
2026-01-06 18:04:00,786 | INFO | Device check start
2026-01-06 18:04:00,786 | INFO | Configured device count=1
2026-01-06 18:04:00,786 | INFO | Config device name=cDAQ3 model=cDAQ3Mod1 channels=3
2026-01-06 18:04:00,787 | INFO | Detected NI-DAQmx device count=2
2026-01-06 18:04:00,788 | INFO | Detected device name=cDAQ3 product=cDAQ-9171 serial=30567211 ai_channels=0
2026-01-06 18:04:00,790 | INFO | Detected device name=cDAQ3Mod1 product=NI 9230 (BNC) serial=36103754 ai_channels=3
2026-01-06 18:04:00,791 | INFO | Config match name=cDAQ3 actual_name=cDAQ3 product=cDAQ-9171 serial=30567211 ai_channels=0 config_channels=3
2026-01-06 18:04:22,262 | INFO | Device check start
2026-01-06 18:04:22,262 | INFO | Configured device count=1
2026-01-06 18:04:22,262 | INFO | Config device name=cDAQ3 model=cDAQ3Mod1 channels=3
2026-01-06 18:04:22,263 | INFO | Detected NI-DAQmx device count=2
2026-01-06 18:04:22,264 | INFO | Detected device name=cDAQ3 product=cDAQ-9171 serial=30567211 ai_channels=0
2026-01-06 18:04:22,266 | INFO | Detected device name=cDAQ3Mod1 product=NI 9230 (BNC) serial=36103754 ai_channels=3
2026-01-06 18:04:22,267 | INFO | Config match name=cDAQ3 actual_name=cDAQ3 product=cDAQ-9171 serial=30567211 ai_channels=0 config_channels=3
2026-01-06 18:04:38,156 | INFO | Device check start
2026-01-06 18:04:38,156 | INFO | Configured device count=1
2026-01-06 18:04:38,156 | INFO | Config device name=cDAQ3 model=cDAQ3Mod1 channels=3
2026-01-06 18:04:38,157 | INFO | Detected NI-DAQmx device count=2
2026-01-06 18:04:38,158 | INFO | Detected device name=cDAQ3 product=cDAQ-9171 serial=30567211 ai_channels=0
2026-01-06 18:04:38,160 | INFO | Detected device name=cDAQ3Mod1 product=NI 9230 (BNC) serial=36103754 ai_channels=3
2026-01-06 18:04:38,161 | INFO | Config match name=cDAQ3 actual_name=cDAQ3 product=cDAQ-9171 serial=30567211 ai_channels=0 config_channels=3
2026-01-06 18:08:49,759 | INFO | Device check start
2026-01-06 18:08:49,759 | INFO | Configured device count=1
2026-01-06 18:08:49,759 | INFO | Config device name=cDAQ3 model=cDAQ3Mod1 channels=3
2026-01-06 18:08:49,761 | INFO | Detected NI-DAQmx device count=2
2026-01-06 18:08:49,762 | INFO | Detected device name=cDAQ3 product=cDAQ-9171 serial=30567211 ai_channels=0
2026-01-06 18:08:49,765 | INFO | Detected device name=cDAQ3Mod1 product=NI 9230 (BNC) serial=36103754 ai_channels=3
2026-01-06 18:08:49,766 | INFO | Config match name=cDAQ3 actual_name=cDAQ3 product=cDAQ-9171 serial=30567211 ai_channels=0 config_channels=3
2026-01-06 18:08:59,982 | INFO | Device check start
2026-01-06 18:08:59,982 | INFO | Configured device count=1
2026-01-06 18:08:59,982 | INFO | Config device name=cDAQ3 model=cDAQ3Mod1 channels=3
2026-01-06 18:08:59,984 | INFO | Detected NI-DAQmx device count=2
2026-01-06 18:08:59,985 | INFO | Detected device name=cDAQ3 product=cDAQ-9171 serial=30567211 ai_channels=0
2026-01-06 18:08:59,987 | INFO | Detected device name=cDAQ3Mod1 product=NI 9230 (BNC) serial=36103754 ai_channels=3
2026-01-06 18:08:59,988 | INFO | Config match name=cDAQ3 actual_name=cDAQ3 product=cDAQ-9171 serial=30567211 ai_channels=0 config_channels=3
2026-01-06 18:09:13,438 | INFO | Device check start
2026-01-06 18:09:13,438 | INFO | Configured device count=1
2026-01-06 18:09:13,438 | INFO | Config device name=cDAQ3 model=cDAQ3Mod1 channels=3
2026-01-06 18:09:13,618 | INFO | Detected NI-DAQmx device count=2
2026-01-06 18:09:13,668 | INFO | Detected device name=cDAQ3 product=cDAQ-9171 serial=30567211 ai_channels=0
2026-01-06 18:09:13,672 | INFO | Detected device name=cDAQ3Mod1 product=NI 9230 (BNC) serial=36103754 ai_channels=3
2026-01-06 18:09:13,673 | INFO | Config match name=cDAQ3 actual_name=cDAQ3 product=cDAQ-9171 serial=30567211 ai_channels=0 config_channels=3
2026-01-06 18:11:00,393 | INFO | Device check start
2026-01-06 18:11:00,393 | INFO | Configured device count=1
2026-01-06 18:11:00,394 | INFO | Config device name=cDAQ3 model=cDAQ3Mod1 channels=3
2026-01-06 18:11:00,394 | INFO | Detected NI-DAQmx device count=2
2026-01-06 18:11:00,395 | INFO | Detected device name=cDAQ3 product=cDAQ-9171 serial=30567211 ai_channels=0
2026-01-06 18:11:00,397 | INFO | Detected device name=cDAQ3Mod1 product=NI 9230 (BNC) serial=36103754 ai_channels=3
2026-01-06 18:11:00,398 | INFO | Config match name=cDAQ3 actual_name=cDAQ3 product=cDAQ-9171 serial=30567211 ai_channels=0 config_channels=3
2026-01-06 18:11:19,222 | INFO | Device check start
2026-01-06 18:11:19,222 | INFO | Configured device count=1
2026-01-06 18:11:19,222 | INFO | Config device name=cDAQ3 model=cDAQ3Mod1 channels=3
2026-01-06 18:11:19,223 | INFO | Detected NI-DAQmx device count=2
2026-01-06 18:11:19,223 | INFO | Detected device name=cDAQ3 product=cDAQ-9171 serial=30567211 ai_channels=0
2026-01-06 18:11:19,226 | INFO | Detected device name=cDAQ3Mod1 product=NI 9230 (BNC) serial=36103754 ai_channels=3
2026-01-06 18:11:19,226 | INFO | Config match name=cDAQ3 actual_name=cDAQ3 product=cDAQ-9171 serial=30567211 ai_channels=0 config_channels=3
2026-01-06 18:11:31,885 | INFO | Device check start
2026-01-06 18:11:31,885 | INFO | Configured device count=1
2026-01-06 18:11:31,885 | INFO | Config device name=cDAQ3 model=cDAQ3Mod1 channels=3
2026-01-06 18:11:31,886 | INFO | Detected NI-DAQmx device count=2
2026-01-06 18:11:31,887 | INFO | Detected device name=cDAQ3 product=cDAQ-9171 serial=30567211 ai_channels=0
2026-01-06 18:11:31,889 | INFO | Detected device name=cDAQ3Mod1 product=NI 9230 (BNC) serial=36103754 ai_channels=3
2026-01-06 18:11:31,890 | INFO | Config match name=cDAQ3 actual_name=cDAQ3 product=cDAQ-9171 serial=30567211 ai_channels=0 config_channels=3
2026-01-06 18:12:30,929 | INFO | Device check start
2026-01-06 18:12:30,929 | INFO | Configured device count=1
2026-01-06 18:12:30,929 | INFO | Config device name=cDAQ3 model=cDAQ3Mod1 channels=3
2026-01-06 18:12:30,930 | INFO | Detected NI-DAQmx device count=2
2026-01-06 18:12:30,931 | INFO | Detected device name=cDAQ3 product=cDAQ-9171 serial=30567211 ai_channels=0
2026-01-06 18:12:30,933 | INFO | Detected device name=cDAQ3Mod1 product=NI 9230 (BNC) serial=36103754 ai_channels=3
2026-01-06 18:12:30,934 | INFO | Config match name=cDAQ3 actual_name=cDAQ3 product=cDAQ-9171 serial=30567211 ai_channels=0 config_channels=3
2026-01-06 18:17:25,598 | INFO | Device check start
2026-01-06 18:17:25,598 | INFO | Configured device count=1
2026-01-06 18:17:25,598 | INFO | Config device name=cDAQ3 model=cDAQ3Mod1 channels=3
2026-01-06 18:17:25,599 | INFO | Detected NI-DAQmx device count=2
2026-01-06 18:17:25,600 | INFO | Detected device name=cDAQ3 product=cDAQ-9171 serial=30567211 ai_channels=0
2026-01-06 18:17:25,603 | INFO | Detected device name=cDAQ3Mod1 product=NI 9230 (BNC) serial=36103754 ai_channels=3
2026-01-06 18:17:25,604 | INFO | Config match name=cDAQ3 actual_name=cDAQ3 product=cDAQ-9171 serial=30567211 ai_channels=0 config_channels=3
2026-01-06 18:21:21,812 | INFO | Device check start
2026-01-06 18:21:21,813 | INFO | Configured device count=1
2026-01-06 18:21:21,813 | INFO | Config device name=cDAQ3 model=cDAQ3Mod1 channels=3
2026-01-06 18:21:21,983 | INFO | Detected NI-DAQmx device count=2
2026-01-06 18:21:22,022 | INFO | Detected device name=cDAQ3 product=cDAQ-9171 serial=30567211 ai_channels=0
2026-01-06 18:21:22,027 | INFO | Detected device name=cDAQ3Mod1 product=NI 9230 (BNC) serial=36103754 ai_channels=3
2026-01-06 18:21:22,027 | INFO | Config match name=cDAQ3 actual_name=cDAQ3 product=cDAQ-9171 serial=30567211 ai_channels=0 config_channels=3
2026-01-06 18:24:43,899 | INFO | Device check start
2026-01-06 18:24:43,899 | INFO | Configured device count=1
2026-01-06 18:24:43,899 | INFO | Config device name=cDAQ3 model=cDAQ3Mod1 channels=3
2026-01-06 18:24:43,899 | INFO | Detected NI-DAQmx device count=2
2026-01-06 18:24:43,900 | INFO | Detected device name=cDAQ3 product=cDAQ-9171 serial=30567211 ai_channels=0
2026-01-06 18:24:43,902 | INFO | Detected device name=cDAQ3Mod1 product=NI 9230 (BNC) serial=36103754 ai_channels=3
2026-01-06 18:24:43,904 | INFO | Config match name=cDAQ3 actual_name=cDAQ3 product=cDAQ-9171 serial=30567211 ai_channels=0 config_channels=3
2026-01-06 18:25:40,803 | INFO | Device check start
2026-01-06 18:25:40,803 | INFO | Configured device count=1
2026-01-06 18:25:40,803 | INFO | Config device name=cDAQ3 model=cDAQ3Mod1 channels=3
2026-01-06 18:25:40,805 | INFO | Detected NI-DAQmx device count=2
2026-01-06 18:25:40,806 | INFO | Detected device name=cDAQ3 product=cDAQ-9171 serial=30567211 ai_channels=0
2026-01-06 18:25:40,808 | INFO | Detected device name=cDAQ3Mod1 product=NI 9230 (BNC) serial=36103754 ai_channels=3
2026-01-06 18:25:40,809 | INFO | Config match name=cDAQ3 actual_name=cDAQ3 product=cDAQ-9171 serial=30567211 ai_channels=0 config_channels=3
2026-01-06 18:25:43,359 | INFO | Device check start
2026-01-06 18:25:43,360 | INFO | Configured device count=1
2026-01-06 18:25:43,360 | INFO | Config device name=cDAQ3 model=cDAQ3Mod1 channels=3
2026-01-06 18:25:43,360 | INFO | Detected NI-DAQmx device count=2
2026-01-06 18:25:43,361 | INFO | Detected device name=cDAQ3 product=cDAQ-9171 serial=30567211 ai_channels=0
2026-01-06 18:25:43,364 | INFO | Detected device name=cDAQ3Mod1 product=NI 9230 (BNC) serial=36103754 ai_channels=3
2026-01-06 18:25:43,364 | INFO | Config match name=cDAQ3 actual_name=cDAQ3 product=cDAQ-9171 serial=30567211 ai_channels=0 config_channels=3
2026-01-06 18:25:59,634 | INFO | Device check start
2026-01-06 18:25:59,634 | INFO | Configured device count=1
2026-01-06 18:25:59,634 | INFO | Config device name=cDAQ3 model=cDAQ3Mod1 channels=3
2026-01-06 18:25:59,801 | INFO | Detected NI-DAQmx device count=2
2026-01-06 18:25:59,839 | INFO | Detected device name=cDAQ3 product=cDAQ-9171 serial=30567211 ai_channels=0
2026-01-06 18:25:59,843 | INFO | Detected device name=cDAQ3Mod1 product=NI 9230 (BNC) serial=36103754 ai_channels=3
2026-01-06 18:25:59,845 | INFO | Config match name=cDAQ3 actual_name=cDAQ3 product=cDAQ-9171 serial=30567211 ai_channels=0 config_channels=3
2026-01-06 18:26:12,545 | INFO | Device check start
2026-01-06 18:26:12,545 | INFO | Configured device count=1
2026-01-06 18:26:12,545 | INFO | Device check start
2026-01-06 18:26:12,545 | INFO | Config device name=cDAQ3 model=cDAQ3Mod1 channels=3
2026-01-06 18:26:12,545 | INFO | Configured device count=1
2026-01-06 18:26:12,546 | INFO | Config device name=cDAQ3 model=cDAQ3Mod1 channels=3
2026-01-06 18:26:12,546 | INFO | Detected NI-DAQmx device count=2
2026-01-06 18:26:12,546 | INFO | Detected NI-DAQmx device count=2
2026-01-06 18:26:12,547 | INFO | Detected device name=cDAQ3 product=cDAQ-9171 serial=30567211 ai_channels=0
2026-01-06 18:26:12,547 | INFO | Detected device name=cDAQ3 product=cDAQ-9171 serial=30567211 ai_channels=0
2026-01-06 18:26:12,550 | INFO | Detected device name=cDAQ3Mod1 product=NI 9230 (BNC) serial=36103754 ai_channels=3
2026-01-06 18:26:12,550 | INFO | Detected device name=cDAQ3Mod1 product=NI 9230 (BNC) serial=36103754 ai_channels=3
2026-01-06 18:26:12,551 | INFO | Config match name=cDAQ3 actual_name=cDAQ3 product=cDAQ-9171 serial=30567211 ai_channels=0 config_channels=3
2026-01-06 18:26:12,551 | INFO | Config match name=cDAQ3 actual_name=cDAQ3 product=cDAQ-9171 serial=30567211 ai_channels=0 config_channels=3
2026-01-06 18:26:14,577 | INFO | Device check start
2026-01-06 18:26:14,577 | INFO | Configured device count=1
2026-01-06 18:26:14,577 | INFO | Config device name=cDAQ3 model=cDAQ3Mod1 channels=3
2026-01-06 18:26:14,578 | INFO | Detected NI-DAQmx device count=2
2026-01-06 18:26:14,579 | INFO | Detected device name=cDAQ3 product=cDAQ-9171 serial=30567211 ai_channels=0
2026-01-06 18:26:14,582 | INFO | Detected device name=cDAQ3Mod1 product=NI 9230 (BNC) serial=36103754 ai_channels=3
2026-01-06 18:26:14,583 | INFO | Config match name=cDAQ3 actual_name=cDAQ3 product=cDAQ-9171 serial=30567211 ai_channels=0 config_channels=3
2026-01-06 18:26:46,320 | INFO | Device check start
2026-01-06 18:26:46,320 | INFO | Configured device count=1
2026-01-06 18:26:46,320 | INFO | Config device name=cDAQ3 model=cDAQ3Mod1 channels=3
2026-01-06 18:26:46,321 | INFO | Detected NI-DAQmx device count=2
2026-01-06 18:26:46,322 | INFO | Detected device name=cDAQ3 product=cDAQ-9171 serial=30567211 ai_channels=0
2026-01-06 18:26:46,324 | INFO | Detected device name=cDAQ3Mod1 product=NI 9230 (BNC) serial=36103754 ai_channels=3
2026-01-06 18:26:46,325 | INFO | Config match name=cDAQ3 actual_name=cDAQ3 product=cDAQ-9171 serial=30567211 ai_channels=0 config_channels=3
2026-01-06 18:26:47,345 | INFO | Device check start
2026-01-06 18:26:47,345 | INFO | Configured device count=1
2026-01-06 18:26:47,346 | INFO | Config device name=cDAQ3 model=cDAQ3Mod1 channels=3
2026-01-06 18:26:47,346 | INFO | Detected NI-DAQmx device count=2
2026-01-06 18:26:47,347 | INFO | Detected device name=cDAQ3 product=cDAQ-9171 serial=30567211 ai_channels=0
2026-01-06 18:26:47,349 | INFO | Detected device name=cDAQ3Mod1 product=NI 9230 (BNC) serial=36103754 ai_channels=3
2026-01-06 18:26:47,349 | INFO | Config match name=cDAQ3 actual_name=cDAQ3 product=cDAQ-9171 serial=30567211 ai_channels=0 config_channels=3
2026-01-06 18:26:48,866 | INFO | Device check start
2026-01-06 18:26:48,866 | INFO | Configured device count=1
2026-01-06 18:26:48,866 | INFO | Config device name=cDAQ3 model=cDAQ3Mod1 channels=3
2026-01-06 18:26:48,867 | INFO | Detected NI-DAQmx device count=2
2026-01-06 18:26:48,868 | INFO | Detected device name=cDAQ3 product=cDAQ-9171 serial=30567211 ai_channels=0
2026-01-06 18:26:48,870 | INFO | Detected device name=cDAQ3Mod1 product=NI 9230 (BNC) serial=36103754 ai_channels=3
2026-01-06 18:26:48,872 | INFO | Config match name=cDAQ3 actual_name=cDAQ3 product=cDAQ-9171 serial=30567211 ai_channels=0 config_channels=3
2026-01-06 18:26:49,893 | INFO | Device check start
2026-01-06 18:26:49,893 | INFO | Configured device count=1
2026-01-06 18:26:49,893 | INFO | Config device name=cDAQ3 model=cDAQ3Mod1 channels=3
2026-01-06 18:26:49,893 | INFO | Detected NI-DAQmx device count=2
2026-01-06 18:26:49,894 | INFO | Detected device name=cDAQ3 product=cDAQ-9171 serial=30567211 ai_channels=0
2026-01-06 18:26:49,897 | INFO | Detected device name=cDAQ3Mod1 product=NI 9230 (BNC) serial=36103754 ai_channels=3
2026-01-06 18:26:49,898 | INFO | Config match name=cDAQ3 actual_name=cDAQ3 product=cDAQ-9171 serial=30567211 ai_channels=0 config_channels=3
2026-01-06 18:28:13,944 | INFO | Device check start
2026-01-06 18:28:13,944 | INFO | Configured device count=1
2026-01-06 18:28:13,944 | INFO | Config device name=cDAQ3 model=cDAQ3Mod1 channels=3
2026-01-06 18:28:14,117 | INFO | Detected NI-DAQmx device count=2
2026-01-06 18:28:14,164 | INFO | Detected device name=cDAQ3 product=cDAQ-9171 serial=30567211 ai_channels=0
2026-01-06 18:28:14,169 | INFO | Detected device name=cDAQ3Mod1 product=NI 9230 (BNC) serial=36103754 ai_channels=3
2026-01-06 18:28:14,170 | INFO | Config match name=cDAQ3 actual_name=cDAQ3 product=cDAQ-9171 serial=30567211 ai_channels=0 config_channels=3
2026-01-06 18:28:17,875 | INFO | Device check start
2026-01-06 18:28:17,875 | INFO | Configured device count=1
2026-01-06 18:28:17,875 | INFO | Config device name=cDAQ3 model=cDAQ3Mod1 channels=3
2026-01-06 18:28:17,876 | INFO | Detected NI-DAQmx device count=2
2026-01-06 18:28:17,877 | INFO | Detected device name=cDAQ3 product=cDAQ-9171 serial=30567211 ai_channels=0
2026-01-06 18:28:17,879 | INFO | Detected device name=cDAQ3Mod1 product=NI 9230 (BNC) serial=36103754 ai_channels=3
2026-01-06 18:28:17,882 | INFO | Config match name=cDAQ3 actual_name=cDAQ3 product=cDAQ-9171 serial=30567211 ai_channels=0 config_channels=3
2026-01-06 18:28:25,828 | INFO | Device check start
2026-01-06 18:28:25,828 | INFO | Configured device count=1
2026-01-06 18:28:25,828 | INFO | Config device name=cDAQ3 model=cDAQ3Mod1 channels=3
2026-01-06 18:28:25,829 | INFO | Detected NI-DAQmx device count=2
2026-01-06 18:28:25,830 | INFO | Detected device name=cDAQ3 product=cDAQ-9171 serial=30567211 ai_channels=0
2026-01-06 18:28:25,833 | INFO | Detected device name=cDAQ3Mod1 product=NI 9230 (BNC) serial=36103754 ai_channels=3
2026-01-06 18:28:25,834 | INFO | Config match name=cDAQ3 actual_name=cDAQ3 product=cDAQ-9171 serial=30567211 ai_channels=0 config_channels=3
2026-01-06 18:34:14,916 | INFO | Device check start
2026-01-06 18:34:14,916 | INFO | Configured device count=1
2026-01-06 18:34:14,916 | INFO | Config device name=cDAQ3 model=cDAQ3Mod1 channels=3
2026-01-06 18:34:15,088 | INFO | Detected NI-DAQmx device count=2
2026-01-06 18:34:15,126 | INFO | Detected device name=cDAQ3 product=cDAQ-9171 serial=30567211 ai_channels=0
2026-01-06 18:34:15,131 | INFO | Detected device name=cDAQ3Mod1 product=NI 9230 (BNC) serial=36103754 ai_channels=3
2026-01-06 18:34:15,132 | INFO | Config match name=cDAQ3 actual_name=cDAQ3 product=cDAQ-9171 serial=30567211 ai_channels=0 config_channels=3
2026-01-06 18:35:13,836 | INFO | Device check start
2026-01-06 18:35:13,836 | INFO | Configured device count=1
2026-01-06 18:35:13,836 | INFO | Config device name=cDAQ3 model=cDAQ3Mod1 channels=3
2026-01-06 18:35:13,837 | INFO | Detected NI-DAQmx device count=2
2026-01-06 18:35:13,837 | INFO | Detected device name=cDAQ3 product=cDAQ-9171 serial=30567211 ai_channels=0
2026-01-06 18:35:13,841 | INFO | Detected device name=cDAQ3Mod1 product=NI 9230 (BNC) serial=36103754 ai_channels=3
2026-01-06 18:35:13,841 | INFO | Config match name=cDAQ3 actual_name=cDAQ3 product=cDAQ-9171 serial=30567211 ai_channels=0 config_channels=3
2026-01-06 18:38:13,663 | INFO | Device check start
2026-01-06 18:38:13,664 | INFO | Configured device count=1
2026-01-06 18:38:13,664 | INFO | Config device name=cDAQ3 model=cDAQ3Mod1 channels=3
2026-01-06 18:38:13,850 | INFO | Detected NI-DAQmx device count=2
2026-01-06 18:38:13,889 | INFO | Detected device name=cDAQ3 product=cDAQ-9171 serial=30567211 ai_channels=0
2026-01-06 18:38:13,894 | INFO | Detected device name=cDAQ3Mod1 product=NI 9230 (BNC) serial=36103754 ai_channels=3
2026-01-06 18:38:13,894 | INFO | Config match name=cDAQ3 actual_name=cDAQ3 product=cDAQ-9171 serial=30567211 ai_channels=0 config_channels=3
2026-01-06 18:42:37,717 | INFO | Device check start
2026-01-06 18:42:37,717 | INFO | Configured device count=1
2026-01-06 18:42:37,717 | INFO | Config device name=cDAQ3 model=cDAQ3Mod1 channels=3
2026-01-06 18:42:37,886 | INFO | Detected NI-DAQmx device count=2
2026-01-06 18:42:37,938 | INFO | Detected device name=cDAQ3 product=cDAQ-9171 serial=30567211 ai_channels=0
2026-01-06 18:42:37,942 | INFO | Detected device name=cDAQ3Mod1 product=NI 9230 (BNC) serial=36103754 ai_channels=3
2026-01-06 18:42:37,943 | INFO | Config match name=cDAQ3 actual_name=cDAQ3 product=cDAQ-9171 serial=30567211 ai_channels=0 config_channels=3
2026-01-06 18:42:54,186 | INFO | Device check start
2026-01-06 18:42:54,186 | INFO | Configured device count=1
2026-01-06 18:42:54,186 | INFO | Config device name=cDAQ3 model=cDAQ3Mod1 channels=3
2026-01-06 18:42:54,187 | INFO | Detected NI-DAQmx device count=2
2026-01-06 18:42:54,188 | INFO | Detected device name=cDAQ3 product=cDAQ-9171 serial=30567211 ai_channels=0
2026-01-06 18:42:54,191 | INFO | Detected device name=cDAQ3Mod1 product=NI 9230 (BNC) serial=36103754 ai_channels=3
2026-01-06 18:42:54,192 | INFO | Config match name=cDAQ3 actual_name=cDAQ3 product=cDAQ-9171 serial=30567211 ai_channels=0 config_channels=3
2026-01-06 18:49:22,399 | INFO | Device check start
2026-01-06 18:49:22,399 | INFO | Configured device count=1
2026-01-06 18:49:22,400 | INFO | Config device name=cDAQ3 model=cDAQ3Mod1 channels=3
2026-01-06 18:49:22,567 | INFO | Detected NI-DAQmx device count=2
2026-01-06 18:49:22,614 | INFO | Detected device name=cDAQ3 product=cDAQ-9171 serial=30567211 ai_channels=0
2026-01-06 18:49:22,619 | INFO | Detected device name=cDAQ3Mod1 product=NI 9230 (BNC) serial=36103754 ai_channels=3
2026-01-06 18:49:22,620 | INFO | Config match name=cDAQ3 actual_name=cDAQ3 product=cDAQ-9171 serial=30567211 ai_channels=0 config_channels=3
2026-01-06 18:55:23,793 | INFO | Device check start
2026-01-06 18:55:23,793 | INFO | Configured device count=1
2026-01-06 18:55:23,793 | INFO | Config device name=cDAQ3 model=cDAQ3Mod1 channels=3
2026-01-06 18:55:23,968 | INFO | Detected NI-DAQmx device count=2
2026-01-06 18:55:24,015 | INFO | Detected device name=cDAQ3 product=cDAQ-9171 serial=30567211 ai_channels=0
2026-01-06 18:55:24,020 | INFO | Detected device name=cDAQ3Mod1 product=NI 9230 (BNC) serial=36103754 ai_channels=3
2026-01-06 18:55:24,021 | INFO | Config match name=cDAQ3 actual_name=cDAQ3 product=cDAQ-9171 serial=30567211 ai_channels=0 config_channels=3
2026-01-06 19:01:08,776 | INFO | Device check start
2026-01-06 19:01:08,776 | INFO | Configured device count=1
2026-01-06 19:01:08,776 | INFO | Config device name=cDAQ3 model=cDAQ3Mod1 channels=3
2026-01-06 19:01:08,777 | INFO | Detected NI-DAQmx device count=2
2026-01-06 19:01:08,779 | INFO | Detected device name=cDAQ3 product=cDAQ-9171 serial=30567211 ai_channels=0
2026-01-06 19:01:08,781 | INFO | Detected device name=cDAQ3Mod1 product=NI 9230 (BNC) serial=36103754 ai_channels=3
2026-01-06 19:01:08,782 | INFO | Config match name=cDAQ3 actual_name=cDAQ3 product=cDAQ-9171 serial=30567211 ai_channels=0 config_channels=3
2026-01-06 19:08:21,432 | INFO | Device check start
2026-01-06 19:08:21,432 | INFO | Configured device count=1
2026-01-06 19:08:21,432 | INFO | Config device name=cDAQ3 model=cDAQ3Mod1 channels=3
2026-01-06 19:08:21,433 | INFO | Detected NI-DAQmx device count=2
2026-01-06 19:08:21,434 | INFO | Detected device name=cDAQ3 product=cDAQ-9171 serial=30567211 ai_channels=0
2026-01-06 19:08:21,437 | INFO | Detected device name=cDAQ3Mod1 product=NI 9230 (BNC) serial=36103754 ai_channels=3
2026-01-06 19:08:21,438 | INFO | Config match name=cDAQ3 actual_name=cDAQ3 product=cDAQ-9171 serial=30567211 ai_channels=0 config_channels=3
2026-01-06 19:10:21,346 | INFO | Device check start
2026-01-06 19:10:21,347 | INFO | Configured device count=1
2026-01-06 19:10:21,347 | INFO | Config device name=cDAQ3 model=cDAQ3Mod1 channels=3
2026-01-06 19:10:21,530 | INFO | Detected NI-DAQmx device count=2
2026-01-06 19:10:21,569 | INFO | Detected device name=cDAQ3 product=cDAQ-9171 serial=30567211 ai_channels=0
2026-01-06 19:10:21,574 | INFO | Detected device name=cDAQ3Mod1 product=NI 9230 (BNC) serial=36103754 ai_channels=3
2026-01-06 19:10:21,575 | INFO | Config match name=cDAQ3 actual_name=cDAQ3 product=cDAQ-9171 serial=30567211 ai_channels=0 config_channels=3
2026-01-06 19:10:43,280 | INFO | Device check start
2026-01-06 19:10:43,280 | INFO | Configured device count=1
2026-01-06 19:10:43,280 | INFO | Device check start
2026-01-06 19:10:43,280 | INFO | Config device name=cDAQ3 model=cDAQ3Mod1 channels=3
2026-01-06 19:10:43,280 | INFO | Configured device count=1
2026-01-06 19:10:43,280 | INFO | Config device name=cDAQ3 model=cDAQ3Mod1 channels=3
2026-01-06 19:10:43,281 | INFO | Detected NI-DAQmx device count=2
2026-01-06 19:10:43,281 | INFO | Detected NI-DAQmx device count=2
2026-01-06 19:10:43,282 | INFO | Detected device name=cDAQ3 product=cDAQ-9171 serial=30567211 ai_channels=0
2026-01-06 19:10:43,282 | INFO | Detected device name=cDAQ3 product=cDAQ-9171 serial=30567211 ai_channels=0
2026-01-06 19:10:43,284 | INFO | Detected device name=cDAQ3Mod1 product=NI 9230 (BNC) serial=36103754 ai_channels=3
2026-01-06 19:10:43,285 | INFO | Detected device name=cDAQ3Mod1 product=NI 9230 (BNC) serial=36103754 ai_channels=3
2026-01-06 19:10:43,285 | INFO | Config match name=cDAQ3 actual_name=cDAQ3 product=cDAQ-9171 serial=30567211 ai_channels=0 config_channels=3
2026-01-06 19:10:43,286 | INFO | Config match name=cDAQ3 actual_name=cDAQ3 product=cDAQ-9171 serial=30567211 ai_channels=0 config_channels=3
2026-01-06 19:10:45,331 | INFO | Device check start
2026-01-06 19:10:45,331 | INFO | Configured device count=1
2026-01-06 19:10:45,331 | INFO | Config device name=cDAQ3 model=cDAQ3Mod1 channels=3
2026-01-06 19:10:45,332 | INFO | Detected NI-DAQmx device count=2
2026-01-06 19:10:45,333 | INFO | Detected device name=cDAQ3 product=cDAQ-9171 serial=30567211 ai_channels=0
2026-01-06 19:10:45,336 | INFO | Detected device name=cDAQ3Mod1 product=NI 9230 (BNC) serial=36103754 ai_channels=3
2026-01-06 19:10:45,336 | INFO | Config match name=cDAQ3 actual_name=cDAQ3 product=cDAQ-9171 serial=30567211 ai_channels=0 config_channels=3
2026-01-06 19:10:48,915 | INFO | Device check start
2026-01-06 19:10:48,915 | INFO | Configured device count=1
2026-01-06 19:10:48,915 | INFO | Config device name=cDAQ3 model=cDAQ3Mod1 channels=3
2026-01-06 19:10:48,917 | INFO | Detected NI-DAQmx device count=2
2026-01-06 19:10:48,918 | INFO | Detected device name=cDAQ3 product=cDAQ-9171 serial=30567211 ai_channels=0
2026-01-06 19:10:48,920 | INFO | Detected device name=cDAQ3Mod1 product=NI 9230 (BNC) serial=36103754 ai_channels=3
2026-01-06 19:10:48,921 | INFO | Config match name=cDAQ3 actual_name=cDAQ3 product=cDAQ-9171 serial=30567211 ai_channels=0 config_channels=3
2026-01-06 19:10:54,397 | INFO | Device check start
2026-01-06 19:10:54,397 | INFO | Configured device count=1
2026-01-06 19:10:54,397 | INFO | Config device name=cDAQ3 model=cDAQ3Mod1 channels=3
2026-01-06 19:10:54,572 | INFO | Detected NI-DAQmx device count=2
2026-01-06 19:10:54,608 | INFO | Detected device name=cDAQ3 product=cDAQ-9171 serial=30567211 ai_channels=0
2026-01-06 19:10:54,613 | INFO | Detected device name=cDAQ3Mod1 product=NI 9230 (BNC) serial=36103754 ai_channels=3
2026-01-06 19:10:54,614 | INFO | Config match name=cDAQ3 actual_name=cDAQ3 product=cDAQ-9171 serial=30567211 ai_channels=0 config_channels=3
2026-01-06 19:10:59,312 | INFO | Device check start
2026-01-06 19:10:59,312 | INFO | Configured device count=1
2026-01-06 19:10:59,312 | INFO | Config device name=cDAQ3 model=cDAQ3Mod1 channels=3
2026-01-06 19:10:59,313 | INFO | Detected NI-DAQmx device count=2
2026-01-06 19:10:59,315 | INFO | Detected device name=cDAQ3 product=cDAQ-9171 serial=30567211 ai_channels=0
2026-01-06 19:10:59,317 | INFO | Detected device name=cDAQ3Mod1 product=NI 9230 (BNC) serial=36103754 ai_channels=3
2026-01-06 19:10:59,318 | INFO | Config match name=cDAQ3 actual_name=cDAQ3 product=cDAQ-9171 serial=30567211 ai_channels=0 config_channels=3
2026-01-06 19:11:29,980 | INFO | Device check start
2026-01-06 19:11:29,980 | INFO | Configured device count=1
2026-01-06 19:11:29,980 | INFO | Config device name=cDAQ3 model=cDAQ3Mod1 channels=3
2026-01-06 19:11:29,981 | INFO | Detected NI-DAQmx device count=2
2026-01-06 19:11:29,982 | INFO | Detected device name=cDAQ3 product=cDAQ-9171 serial=30567211 ai_channels=0
2026-01-06 19:11:29,985 | INFO | Detected device name=cDAQ3Mod1 product=NI 9230 (BNC) serial=36103754 ai_channels=3
2026-01-06 19:11:29,985 | INFO | Config match name=cDAQ3 actual_name=cDAQ3 product=cDAQ-9171 serial=30567211 ai_channels=0 config_channels=3
2026-01-06 19:11:53,670 | INFO | Device check start
2026-01-06 19:11:53,670 | INFO | Configured device count=1
2026-01-06 19:11:53,670 | INFO | Config device name=cDAQ3 model=cDAQ3Mod1 channels=3
2026-01-06 19:11:53,840 | INFO | Detected NI-DAQmx device count=2
2026-01-06 19:11:53,886 | INFO | Detected device name=cDAQ3 product=cDAQ-9171 serial=30567211 ai_channels=0
2026-01-06 19:11:53,891 | INFO | Detected device name=cDAQ3Mod1 product=NI 9230 (BNC) serial=36103754 ai_channels=3
2026-01-06 19:11:53,892 | INFO | Config match name=cDAQ3 actual_name=cDAQ3 product=cDAQ-9171 serial=30567211 ai_channels=0 config_channels=3
2026-01-06 19:12:06,597 | INFO | Device check start
2026-01-06 19:12:06,597 | INFO | Configured device count=1
2026-01-06 19:12:06,597 | INFO | Config device name=cDAQ3 model=cDAQ3Mod1 channels=3
2026-01-06 19:12:06,598 | INFO | Detected NI-DAQmx device count=2
2026-01-06 19:12:06,599 | INFO | Detected device name=cDAQ3 product=cDAQ-9171 serial=30567211 ai_channels=0
2026-01-06 19:12:06,601 | INFO | Detected device name=cDAQ3Mod1 product=NI 9230 (BNC) serial=36103754 ai_channels=3
2026-01-06 19:12:06,602 | INFO | Config match name=cDAQ3 actual_name=cDAQ3 product=cDAQ-9171 serial=30567211 ai_channels=0 config_channels=3
2026-01-06 19:15:15,371 | INFO | Device check start
2026-01-06 19:15:15,371 | INFO | Configured device count=1
2026-01-06 19:15:15,372 | INFO | Config device name=cDAQ3 model=cDAQ3Mod1 channels=3
2026-01-06 19:15:15,548 | INFO | Detected NI-DAQmx device count=2
2026-01-06 19:15:15,592 | INFO | Detected device name=cDAQ3 product=cDAQ-9171 serial=30567211 ai_channels=0
2026-01-06 19:15:15,597 | INFO | Detected device name=cDAQ3Mod1 product=NI 9230 (BNC) serial=36103754 ai_channels=3
2026-01-06 19:15:15,598 | INFO | Config match name=cDAQ3 actual_name=cDAQ3 product=cDAQ-9171 serial=30567211 ai_channels=0 config_channels=3
2026-01-06 19:25:09,293 | INFO | Device check start
2026-01-06 19:25:09,293 | INFO | Configured device count=1
2026-01-06 19:25:09,293 | INFO | Config device name=cDAQ3 model=cDAQ3Mod1 channels=3
2026-01-06 19:25:09,461 | INFO | Detected NI-DAQmx device count=2
2026-01-06 19:25:09,500 | INFO | Detected device name=cDAQ3 product=cDAQ-9171 serial=30567211 ai_channels=0
2026-01-06 19:25:09,504 | INFO | Detected device name=cDAQ3Mod1 product=NI 9230 (BNC) serial=36103754 ai_channels=3
2026-01-06 19:25:09,505 | INFO | Config match name=cDAQ3 actual_name=cDAQ3 product=cDAQ-9171 serial=30567211 ai_channels=0 config_channels=3
2026-01-06 19:50:38,181 | INFO | Device check start
2026-01-06 19:50:38,181 | INFO | Configured device count=1
2026-01-06 19:50:38,182 | INFO | Config device name=cDAQ3 model=cDAQ3Mod1 channels=3
2026-01-06 19:50:38,182 | INFO | Detected NI-DAQmx device count=2
2026-01-06 19:50:38,183 | INFO | Detected device name=cDAQ3 product=cDAQ-9171 serial=30567211 ai_channels=0
2026-01-06 19:50:38,188 | INFO | Detected device name=cDAQ3Mod1 product=NI 9230 (BNC) serial=36103754 ai_channels=3
2026-01-06 19:50:38,189 | INFO | Config match name=cDAQ3 actual_name=cDAQ3 product=cDAQ-9171 serial=30567211 ai_channels=0 config_channels=3
2026-01-06 19:57:22,481 | INFO | Device check start
2026-01-06 19:57:22,481 | INFO | Configured device count=1
2026-01-06 19:57:22,481 | INFO | Config device name=cDAQ3 model=cDAQ3Mod1 channels=3
2026-01-06 19:57:22,650 | INFO | Detected NI-DAQmx device count=2
2026-01-06 19:57:22,700 | INFO | Detected device name=cDAQ3 product=cDAQ-9171 serial=30567211 ai_channels=0
2026-01-06 19:57:22,704 | INFO | Detected device name=cDAQ3Mod1 product=NI 9230 (BNC) serial=36103754 ai_channels=3
2026-01-06 19:57:22,705 | INFO | Config match name=cDAQ3 actual_name=cDAQ3 product=cDAQ-9171 serial=30567211 ai_channels=0 config_channels=3
2026-01-06 20:10:28,450 | INFO | Device check start
2026-01-06 20:10:28,450 | INFO | Configured device count=1
2026-01-06 20:10:28,450 | INFO | Config device name=cDAQ3 model=cDAQ3Mod1 channels=3
2026-01-06 20:10:28,620 | INFO | Detected NI-DAQmx device count=2
2026-01-06 20:10:28,670 | INFO | Detected device name=cDAQ3 product=cDAQ-9171 serial=30567211 ai_channels=0
2026-01-06 20:10:28,675 | INFO | Detected device name=cDAQ3Mod1 product=NI 9230 (BNC) serial=36103754 ai_channels=3
2026-01-06 20:10:28,676 | INFO | Config match name=cDAQ3 actual_name=cDAQ3 product=cDAQ-9171 serial=30567211 ai_channels=0 config_channels=3
2026-01-07 09:42:06,316 | INFO | Device check start
2026-01-07 09:42:06,316 | INFO | Configured device count=1
2026-01-07 09:42:06,316 | INFO | Config device name=cDAQ3 model=cDAQ3Mod1 channels=3
2026-01-07 09:42:06,317 | INFO | Detected NI-DAQmx device count=2
2026-01-07 09:42:06,318 | INFO | Detected device name=cDAQ3 product=cDAQ-9171 serial=30567211 ai_channels=0
2026-01-07 09:42:06,321 | INFO | Detected device name=cDAQ3Mod1 product=NI 9230 (BNC) serial=36103754 ai_channels=3
2026-01-07 09:42:06,322 | INFO | Config match name=cDAQ3 actual_name=cDAQ3 product=cDAQ-9171 serial=30567211 ai_channels=0 config_channels=3
2026-01-07 17:08:15,028 | INFO | Device check start
2026-01-07 17:08:15,029 | INFO | Configured device count=1
2026-01-07 17:08:15,029 | INFO | Config device name=cDAQ3 model=cDAQ3Mod1 channels=3
2026-01-07 17:08:15,249 | INFO | Detected NI-DAQmx device count=2
2026-01-07 17:08:15,300 | INFO | Detected device name=cDAQ3 product=cDAQ-9171 serial=30567211 ai_channels=0
2026-01-07 17:08:15,306 | INFO | Detected device name=cDAQ3Mod1 product=NI 9230 (BNC) serial=36103754 ai_channels=3
2026-01-07 17:08:15,307 | INFO | Config match name=cDAQ3 actual_name=cDAQ3 product=cDAQ-9171 serial=30567211 ai_channels=0 config_channels=3
2026-01-07 17:11:14,441 | INFO | Device check start
2026-01-07 17:11:14,442 | INFO | Configured device count=1
2026-01-07 17:11:14,442 | INFO | Config device name=cDAQ3 model=cDAQ3Mod1 channels=3
2026-01-07 17:11:14,619 | INFO | Detected NI-DAQmx device count=2
2026-01-07 17:11:14,672 | INFO | Detected device name=cDAQ3 product=cDAQ-9171 serial=30567211 ai_channels=0
2026-01-07 17:11:14,676 | INFO | Detected device name=cDAQ3Mod1 product=NI 9230 (BNC) serial=36103754 ai_channels=3
2026-01-07 17:11:14,677 | INFO | Config match name=cDAQ3 actual_name=cDAQ3 product=cDAQ-9171 serial=30567211 ai_channels=0 config_channels=3
2026-01-07 17:16:53,037 | INFO | Device check start
2026-01-07 17:16:53,038 | INFO | Configured device count=1
2026-01-07 17:16:53,038 | INFO | Config device name=cDAQ3 model=cDAQ3Mod1 channels=3
2026-01-07 17:16:53,214 | INFO | Detected NI-DAQmx device count=2
2026-01-07 17:16:53,251 | INFO | Detected device name=cDAQ3 product=cDAQ-9171 serial=30567211 ai_channels=0
2026-01-07 17:16:53,256 | INFO | Detected device name=cDAQ3Mod1 product=NI 9230 (BNC) serial=36103754 ai_channels=3
2026-01-07 17:16:53,257 | INFO | Config match name=cDAQ3 actual_name=cDAQ3 product=cDAQ-9171 serial=30567211 ai_channels=0 config_channels=3
2026-01-07 17:24:37,829 | INFO | Device check start
2026-01-07 17:24:37,830 | INFO | Configured device count=1
2026-01-07 17:24:37,830 | INFO | Config device name=cDAQ3 model=cDAQ3Mod1 channels=3
2026-01-07 17:24:37,996 | INFO | Detected NI-DAQmx device count=2
2026-01-07 17:24:38,037 | INFO | Detected device name=cDAQ3 product=cDAQ-9171 serial=30567211 ai_channels=0
2026-01-07 17:24:38,042 | INFO | Detected device name=cDAQ3Mod1 product=NI 9230 (BNC) serial=36103754 ai_channels=3
2026-01-07 17:24:38,043 | INFO | Config match name=cDAQ3 actual_name=cDAQ3 product=cDAQ-9171 serial=30567211 ai_channels=0 config_channels=3
2026-01-07 17:51:11,135 | INFO | Device check start
2026-01-07 17:51:11,135 | INFO | Configured device count=1
2026-01-07 17:51:11,135 | INFO | Config device name=cDAQ3 model=cDAQ3Mod1 channels=3
2026-01-07 17:51:11,301 | INFO | Detected NI-DAQmx device count=2
2026-01-07 17:51:11,349 | INFO | Detected device name=cDAQ3 product=cDAQ-9171 serial=30567211 ai_channels=0
2026-01-07 17:51:11,353 | INFO | Detected device name=cDAQ3Mod1 product=NI 9230 (BNC) serial=36103754 ai_channels=3
2026-01-07 17:51:11,354 | INFO | Config match name=cDAQ3 actual_name=cDAQ3 product=cDAQ-9171 serial=30567211 ai_channels=0 config_channels=3
2026-01-08 17:41:42,432 | INFO | Device check start
2026-01-08 17:41:42,456 | INFO | Configured device count=1
2026-01-08 17:41:42,456 | INFO | Config device name=cDAQ3 model=cDAQ3Mod1 channels=3
2026-01-08 17:41:42,664 | INFO | Detected NI-DAQmx device count=0
2026-01-08 17:41:42,664 | WARNING | Config device not found name=cDAQ3 model=cDAQ3Mod1
2026-01-08 17:42:22,185 | INFO | Device check start
2026-01-08 17:42:22,185 | INFO | Configured device count=1
2026-01-08 17:42:22,186 | INFO | Config device name=cDAQ3 model=cDAQ3Mod1 channels=3
2026-01-08 17:42:22,483 | INFO | Detected NI-DAQmx device count=2
2026-01-08 17:42:22,537 | INFO | Detected device name=cDAQ3 product=cDAQ-9171 serial=30567211 ai_channels=0
2026-01-08 17:42:22,543 | INFO | Detected device name=cDAQ3Mod1 product=NI 9230 (BNC) serial=36103754 ai_channels=3
2026-01-08 17:42:22,544 | INFO | Config match name=cDAQ3 actual_name=cDAQ3 product=cDAQ-9171 serial=30567211 ai_channels=0 config_channels=3
2026-01-08 18:55:37,214 | INFO | Device check start
2026-01-08 18:55:37,214 | INFO | Configured device count=1
2026-01-08 18:55:37,214 | INFO | Config device name=cDAQ3 model=cDAQ3Mod1 channels=3
2026-01-08 18:55:37,215 | INFO | Detected NI-DAQmx device count=2
2026-01-08 18:55:37,217 | INFO | Detected device name=cDAQ3 product=cDAQ-9171 serial=30567211 ai_channels=0
2026-01-08 18:55:37,221 | INFO | Detected device name=cDAQ3Mod1 product=NI 9230 (BNC) serial=36103754 ai_channels=3
2026-01-08 18:55:37,222 | INFO | Config match name=cDAQ3 actual_name=cDAQ3 product=cDAQ-9171 serial=30567211 ai_channels=0 config_channels=3
2026-01-08 20:49:33,317 | INFO | Device check start
2026-01-08 20:49:33,318 | INFO | Configured device count=1
2026-01-08 20:49:33,318 | INFO | Config device name=cDAQ3 model=cDAQ3Mod1 channels=3
2026-01-08 20:49:33,543 | INFO | Detected NI-DAQmx device count=2
2026-01-08 20:49:33,590 | INFO | Detected device name=cDAQ3 product=cDAQ-9171 serial=30567211 ai_channels=0
2026-01-08 20:49:33,595 | INFO | Detected device name=cDAQ3Mod1 product=NI 9230 (BNC) serial=36103754 ai_channels=3
2026-01-08 20:49:33,595 | INFO | Config match name=cDAQ3 actual_name=cDAQ3 product=cDAQ-9171 serial=30567211 ai_channels=0 config_channels=3
2026-01-08 20:49:49,704 | INFO | Device check start
2026-01-08 20:49:49,705 | INFO | Configured device count=1
2026-01-08 20:49:49,705 | INFO | Config device name=cDAQ3 model=cDAQ3Mod1 channels=3
2026-01-08 20:49:49,882 | INFO | Detected NI-DAQmx device count=2
2026-01-08 20:49:49,925 | INFO | Detected device name=cDAQ3 product=cDAQ-9171 serial=30567211 ai_channels=0
2026-01-08 20:49:49,931 | INFO | Detected device name=cDAQ3Mod1 product=NI 9230 (BNC) serial=36103754 ai_channels=3
2026-01-08 20:49:49,932 | INFO | Config match name=cDAQ3 actual_name=cDAQ3 product=cDAQ-9171 serial=30567211 ai_channels=0 config_channels=3
2026-01-08 20:50:53,857 | INFO | Device check start
2026-01-08 20:50:53,857 | INFO | Configured device count=1
2026-01-08 20:50:53,858 | INFO | Config device name=cDAQ3 model=cDAQ3Mod1 channels=3
2026-01-08 20:50:54,026 | INFO | Detected NI-DAQmx device count=2
2026-01-08 20:50:54,072 | INFO | Detected device name=cDAQ3 product=cDAQ-9171 serial=30567211 ai_channels=0
2026-01-08 20:50:54,079 | INFO | Detected device name=cDAQ3Mod1 product=NI 9230 (BNC) serial=36103754 ai_channels=3
2026-01-08 20:50:54,080 | INFO | Config match name=cDAQ3 actual_name=cDAQ3 product=cDAQ-9171 serial=30567211 ai_channels=0 config_channels=3
2026-01-08 20:55:02,069 | INFO | Device check start
2026-01-08 20:55:02,069 | INFO | Configured device count=1
2026-01-08 20:55:02,069 | INFO | Config device name=cDAQ3 model=cDAQ3Mod1 channels=3
2026-01-08 20:55:02,245 | INFO | Detected NI-DAQmx device count=2
2026-01-08 20:55:02,289 | INFO | Detected device name=cDAQ3 product=cDAQ-9171 serial=30567211 ai_channels=0
2026-01-08 20:55:02,294 | INFO | Detected device name=cDAQ3Mod1 product=NI 9230 (BNC) serial=36103754 ai_channels=3
2026-01-08 20:55:02,296 | INFO | Config match name=cDAQ3 actual_name=cDAQ3 product=cDAQ-9171 serial=30567211 ai_channels=0 config_channels=3
2026-01-08 20:56:55,769 | INFO | Device check start
2026-01-08 20:56:55,769 | INFO | Configured device count=1
2026-01-08 20:56:55,769 | INFO | Config device name=cDAQ3 model=cDAQ3Mod1 channels=3
2026-01-08 20:56:55,941 | INFO | Detected NI-DAQmx device count=2
2026-01-08 20:56:56,000 | INFO | Detected device name=cDAQ3 product=cDAQ-9171 serial=30567211 ai_channels=0
2026-01-08 20:56:56,005 | INFO | Detected device name=cDAQ3Mod1 product=NI 9230 (BNC) serial=36103754 ai_channels=3
2026-01-08 20:56:56,006 | INFO | Config match name=cDAQ3 actual_name=cDAQ3 product=cDAQ-9171 serial=30567211 ai_channels=0 config_channels=3
2026-01-08 20:58:34,561 | INFO | Device check start
2026-01-08 20:58:34,561 | INFO | Configured device count=1
2026-01-08 20:58:34,561 | INFO | Config device name=cDAQ3 model=cDAQ3Mod1 channels=3
2026-01-08 20:58:34,736 | INFO | Detected NI-DAQmx device count=2
2026-01-08 20:58:34,775 | INFO | Detected device name=cDAQ3 product=cDAQ-9171 serial=30567211 ai_channels=0
2026-01-08 20:58:34,780 | INFO | Detected device name=cDAQ3Mod1 product=NI 9230 (BNC) serial=36103754 ai_channels=3
2026-01-08 20:58:34,781 | INFO | Config match name=cDAQ3 actual_name=cDAQ3 product=cDAQ-9171 serial=30567211 ai_channels=0 config_channels=3
2026-01-08 21:11:18,147 | INFO | Device check start
2026-01-08 21:11:18,147 | INFO | Configured device count=1
2026-01-08 21:11:18,147 | INFO | Config device name=cDAQ3 model=cDAQ3Mod1 channels=3
2026-01-08 21:11:18,325 | INFO | Detected NI-DAQmx device count=2
2026-01-08 21:11:18,365 | INFO | Detected device name=cDAQ3 product=cDAQ-9171 serial=30567211 ai_channels=0
2026-01-08 21:11:18,369 | INFO | Detected device name=cDAQ3Mod1 product=NI 9230 (BNC) serial=36103754 ai_channels=3
2026-01-08 21:11:18,371 | INFO | Config match name=cDAQ3 actual_name=cDAQ3 product=cDAQ-9171 serial=30567211 ai_channels=0 config_channels=3
2026-01-08 21:12:23,849 | INFO | Device check start
2026-01-08 21:12:23,849 | INFO | Configured device count=1
2026-01-08 21:12:23,850 | INFO | Config device name=cDAQ3 model=cDAQ3Mod1 channels=3
2026-01-08 21:12:24,021 | INFO | Detected NI-DAQmx device count=2
2026-01-08 21:12:24,073 | INFO | Detected device name=cDAQ3 product=cDAQ-9171 serial=30567211 ai_channels=0
2026-01-08 21:12:24,077 | INFO | Detected device name=cDAQ3Mod1 product=NI 9230 (BNC) serial=36103754 ai_channels=3
2026-01-08 21:12:24,078 | INFO | Config match name=cDAQ3 actual_name=cDAQ3 product=cDAQ-9171 serial=30567211 ai_channels=0 config_channels=3
2026-01-08 21:23:09,429 | INFO | Device check start
2026-01-08 21:23:09,429 | INFO | Configured device count=1
2026-01-08 21:23:09,429 | INFO | Config device name=cDAQ3 model=cDAQ3Mod1 channels=3
2026-01-08 21:23:09,622 | INFO | Detected NI-DAQmx device count=2
2026-01-08 21:23:09,667 | INFO | Detected device name=cDAQ3 product=cDAQ-9171 serial=30567211 ai_channels=0
2026-01-08 21:23:09,672 | INFO | Detected device name=cDAQ3Mod1 product=NI 9230 (BNC) serial=36103754 ai_channels=3
2026-01-08 21:23:09,672 | INFO | Config match name=cDAQ3 actual_name=cDAQ3 product=cDAQ-9171 serial=30567211 ai_channels=0 config_channels=3
2026-01-08 21:26:44,797 | INFO | Device check start
2026-01-08 21:26:44,797 | INFO | Configured device count=1
2026-01-08 21:26:44,797 | INFO | Config device name=cDAQ3 model=cDAQ3Mod1 channels=3
2026-01-08 21:26:44,994 | INFO | Detected NI-DAQmx device count=2
2026-01-08 21:26:45,045 | INFO | Detected device name=cDAQ3 product=cDAQ-9171 serial=30567211 ai_channels=0
2026-01-08 21:26:45,050 | INFO | Detected device name=cDAQ3Mod1 product=NI 9230 (BNC) serial=36103754 ai_channels=3
2026-01-08 21:26:45,051 | INFO | Config match name=cDAQ3 actual_name=cDAQ3 product=cDAQ-9171 serial=30567211 ai_channels=0 config_channels=3
2026-01-08 21:36:03,266 | INFO | Device check start
2026-01-08 21:36:03,267 | INFO | Configured device count=1
2026-01-08 21:36:03,267 | INFO | Config device name=cDAQ3 model=cDAQ3Mod1 channels=3
2026-01-08 21:36:03,558 | INFO | Detected NI-DAQmx device count=2
2026-01-08 21:36:03,599 | INFO | Detected device name=cDAQ3 product=cDAQ-9171 serial=30567211 ai_channels=0
2026-01-08 21:36:03,604 | INFO | Detected device name=cDAQ3Mod1 product=NI 9230 (BNC) serial=36103754 ai_channels=3
2026-01-08 21:36:03,605 | INFO | Config match name=cDAQ3 actual_name=cDAQ3 product=cDAQ-9171 serial=30567211 ai_channels=0 config_channels=3
2026-01-09 11:54:32,297 | INFO | Device check start
2026-01-09 11:54:32,298 | INFO | Configured device count=1
2026-01-09 11:54:32,298 | INFO | Config device name=cDAQ3 model=cDAQ3Mod1 channels=3
2026-01-09 11:54:32,498 | INFO | Detected NI-DAQmx device count=2
2026-01-09 11:54:32,551 | INFO | Detected device name=cDAQ3 product=cDAQ-9171 serial=30567211 ai_channels=0
2026-01-09 11:54:32,556 | INFO | Detected device name=cDAQ3Mod1 product=NI 9230 (BNC) serial=36103754 ai_channels=3
2026-01-09 11:54:32,557 | INFO | Config match name=cDAQ3 actual_name=cDAQ3 product=cDAQ-9171 serial=30567211 ai_channels=0 config_channels=3
2026-01-12 11:19:38,091 | INFO | Device check start
2026-01-12 11:19:38,113 | INFO | Configured device count=1
2026-01-12 11:19:38,114 | INFO | Config device name=cDAQ3 model=cDAQ3Mod1 channels=3
2026-01-12 11:19:38,378 | INFO | Detected NI-DAQmx device count=2
2026-01-12 11:19:38,434 | INFO | Detected device name=cDAQ3 product=cDAQ-9171 serial=30567211 ai_channels=0
2026-01-12 11:19:38,440 | INFO | Detected device name=cDAQ3Mod1 product=NI 9230 (BNC) serial=36103754 ai_channels=3
2026-01-12 11:19:38,441 | INFO | Config match name=cDAQ3 actual_name=cDAQ3 product=cDAQ-9171 serial=30567211 ai_channels=0 config_channels=3
2026-01-12 11:52:33,211 | INFO | Device check start
2026-01-12 11:52:33,211 | INFO | Configured device count=1
2026-01-12 11:52:33,212 | INFO | Config device name=cDAQ3 model=cDAQ3Mod1 channels=3
2026-01-12 11:52:33,212 | INFO | Detected NI-DAQmx device count=2
2026-01-12 11:52:33,214 | INFO | Detected device name=cDAQ3 product=cDAQ-9171 serial=30567211 ai_channels=0
2026-01-12 11:52:33,219 | INFO | Detected device name=cDAQ3Mod1 product=NI 9230 (BNC) serial=36103754 ai_channels=3
2026-01-12 11:52:33,220 | INFO | Config match name=cDAQ3 actual_name=cDAQ3 product=cDAQ-9171 serial=30567211 ai_channels=0 config_channels=3
2026-01-12 16:53:29,722 | INFO | Device check start
2026-01-12 16:53:29,722 | INFO | Configured device count=1
2026-01-12 16:53:29,722 | INFO | Config device name=cDAQ3 model=cDAQ3Mod1 channels=3
2026-01-12 16:53:29,898 | INFO | Detected NI-DAQmx device count=2
2026-01-12 16:53:29,949 | INFO | Detected device name=cDAQ3 product=cDAQ-9171 serial=30567211 ai_channels=0
2026-01-12 16:53:29,954 | INFO | Detected device name=cDAQ3Mod1 product=NI 9230 (BNC) serial=36103754 ai_channels=3
2026-01-12 16:53:29,956 | INFO | Config match name=cDAQ3 actual_name=cDAQ3 product=cDAQ-9171 serial=30567211 ai_channels=0 config_channels=3
2026-01-12 17:43:54,132 | INFO | Device check start
2026-01-12 17:43:54,148 | INFO | Configured device count=1
2026-01-12 17:43:54,148 | INFO | Config device name=cDAQ3 model=cDAQ3Mod1 channels=3
2026-01-12 17:43:54,737 | INFO | Detected NI-DAQmx device count=2
2026-01-12 17:43:54,916 | INFO | Detected device name=cDAQ3 product=cDAQ-9171 serial=30567211 ai_channels=0
2026-01-12 17:43:54,920 | INFO | Detected device name=cDAQ3Mod1 product=NI 9230 (BNC) serial=36103754 ai_channels=3
2026-01-12 17:43:54,921 | INFO | Config match name=cDAQ3 actual_name=cDAQ3 product=cDAQ-9171 serial=30567211 ai_channels=0 config_channels=3
2026-01-17 11:33:42,754 | INFO | Device check start
2026-01-17 11:33:42,786 | INFO | Configured device count=1
2026-01-17 11:33:42,786 | INFO | Config device name=cDAQ3 model=cDAQ3Mod1 channels=3
2026-01-17 11:33:43,048 | INFO | Detected NI-DAQmx device count=0
2026-01-17 11:33:43,048 | WARNING | Config device not found name=cDAQ3 model=cDAQ3Mod1
2026-01-17 11:36:48,712 | INFO | Device check start
2026-01-17 11:36:48,801 | INFO | Configured device count=1
2026-01-17 11:36:48,801 | INFO | Config device name=cDAQ3 model=cDAQ3Mod1 channels=3
2026-01-17 11:36:48,809 | INFO | Detected NI-DAQmx device count=0
2026-01-17 11:36:48,809 | WARNING | Config device not found name=cDAQ3 model=cDAQ3Mod1
2026-01-18 11:09:58,028 | INFO | Device check start
2026-01-18 11:09:58,028 | INFO | Configured device count=1
2026-01-18 11:09:58,028 | INFO | Config device name=cDAQ3 model=cDAQ3Mod1 channels=3
2026-01-18 11:09:58,298 | INFO | Detected NI-DAQmx device count=2
2026-01-18 11:09:58,348 | INFO | Detected device name=cDAQ5 product=cDAQ-9171 serial=39448847 ai_channels=0
2026-01-18 11:09:58,352 | INFO | Detected device name=cDAQ5Mod1 product=NI 9230 (BNC) serial=35189383 ai_channels=3
2026-01-18 11:09:58,352 | WARNING | Config device not found name=cDAQ3 model=cDAQ3Mod1
2026-01-18 11:10:34,679 | INFO | Device check start
2026-01-18 11:10:34,679 | INFO | Configured device count=1
2026-01-18 11:10:34,679 | INFO | Config device name=cDAQ3 model=cDAQ3Mod1 channels=3
2026-01-18 11:10:34,681 | INFO | Detected NI-DAQmx device count=2
2026-01-18 11:10:34,682 | INFO | Detected device name=cDAQ5 product=cDAQ-9171 serial=39448847 ai_channels=0
2026-01-18 11:10:34,683 | INFO | Detected device name=cDAQ5Mod1 product=NI 9230 (BNC) serial=35189383 ai_channels=3
2026-01-18 11:10:34,683 | WARNING | Config device not found name=cDAQ3 model=cDAQ3Mod1
2026-01-18 11:10:41,332 | INFO | Device check start
2026-01-18 11:10:41,332 | INFO | Configured device count=1
2026-01-18 11:10:41,332 | INFO | Config device name=cDAQ3 model=cDAQ3Mod1 channels=3
2026-01-18 11:10:41,333 | INFO | Detected NI-DAQmx device count=2
2026-01-18 11:10:41,334 | INFO | Detected device name=cDAQ5 product=cDAQ-9171 serial=39448847 ai_channels=0
2026-01-18 11:10:41,335 | INFO | Detected device name=cDAQ5Mod1 product=NI 9230 (BNC) serial=35189383 ai_channels=3
2026-01-18 11:10:41,335 | WARNING | Config device not found name=cDAQ3 model=cDAQ3Mod1
2026-01-18 11:11:08,985 | INFO | Device check start
2026-01-18 11:11:08,985 | INFO | Configured device count=1
2026-01-18 11:11:08,985 | INFO | Config device name=cDAQ3 model=cDAQ3Mod1 channels=3
2026-01-18 11:11:09,092 | INFO | Detected NI-DAQmx device count=2
2026-01-18 11:11:09,135 | INFO | Detected device name=cDAQ5 product=cDAQ-9171 serial=39448847 ai_channels=0
2026-01-18 11:11:09,138 | INFO | Detected device name=cDAQ5Mod1 product=NI 9230 (BNC) serial=35189383 ai_channels=3
2026-01-18 11:11:09,138 | WARNING | Config device not found name=cDAQ3 model=cDAQ3Mod1
2026-01-18 11:11:36,747 | INFO | Device check start
2026-01-18 11:11:36,747 | INFO | Configured device count=1
2026-01-18 11:11:36,747 | INFO | Config device name=cDAQ3 model=cDAQ3Mod1 channels=3
2026-01-18 11:11:36,748 | INFO | Detected NI-DAQmx device count=2
2026-01-18 11:11:36,749 | INFO | Detected device name=cDAQ5 product=cDAQ-9171 serial=39448847 ai_channels=0
2026-01-18 11:11:36,750 | INFO | Detected device name=cDAQ5Mod1 product=NI 9230 (BNC) serial=35189383 ai_channels=3
2026-01-18 11:11:36,750 | WARNING | Config device not found name=cDAQ3 model=cDAQ3Mod1
2026-01-18 11:12:19,601 | INFO | Device check start
2026-01-18 11:12:19,601 | INFO | Configured device count=1
2026-01-18 11:12:19,602 | INFO | Config device name=cDAQ3 model=cDAQ3Mod1 channels=3
2026-01-18 11:12:19,602 | INFO | Detected NI-DAQmx device count=2
2026-01-18 11:12:19,603 | INFO | Detected device name=cDAQ5 product=cDAQ-9171 serial=39448847 ai_channels=0
2026-01-18 11:12:19,604 | INFO | Detected device name=cDAQ5Mod1 product=NI 9230 (BNC) serial=35189383 ai_channels=3
2026-01-18 11:12:19,604 | WARNING | Config device not found name=cDAQ3 model=cDAQ3Mod1
2026-01-18 11:12:42,572 | INFO | Device check start
2026-01-18 11:12:42,572 | INFO | Configured device count=1
2026-01-18 11:12:42,573 | INFO | Config device name=cDAQ3 model=cDAQ3Mod1 channels=3
2026-01-18 11:12:42,680 | INFO | Detected NI-DAQmx device count=2
2026-01-18 11:12:42,716 | INFO | Detected device name=cDAQ5 product=cDAQ-9171 serial=39448847 ai_channels=0
2026-01-18 11:12:42,720 | INFO | Detected device name=cDAQ5Mod1 product=NI 9230 (BNC) serial=35189383 ai_channels=3
2026-01-18 11:12:42,720 | WARNING | Config device not found name=cDAQ3 model=cDAQ3Mod1
2026-01-18 11:13:28,786 | INFO | Device check start
2026-01-18 11:13:28,786 | INFO | Configured device count=1
2026-01-18 11:13:28,786 | INFO | Config device name=cDAQ3 model=cDAQ3Mod1 channels=3
2026-01-18 11:13:28,786 | INFO | Detected NI-DAQmx device count=2
2026-01-18 11:13:28,787 | INFO | Detected device name=cDAQ5 product=cDAQ-9171 serial=39448847 ai_channels=0
2026-01-18 11:13:28,790 | INFO | Detected device name=cDAQ5Mod1 product=NI 9230 (BNC) serial=35189383 ai_channels=3
2026-01-18 11:13:28,790 | WARNING | Config device not found name=cDAQ3 model=cDAQ3Mod1
2026-01-18 11:13:32,840 | INFO | Device check start
2026-01-18 11:13:32,840 | INFO | Configured device count=1
2026-01-18 11:13:32,841 | INFO | Config device name=cDAQ3 model=cDAQ3Mod1 channels=3
2026-01-18 11:13:32,841 | INFO | Detected NI-DAQmx device count=2
2026-01-18 11:13:32,842 | INFO | Detected device name=cDAQ5 product=cDAQ-9171 serial=39448847 ai_channels=0
2026-01-18 11:13:32,844 | INFO | Detected device name=cDAQ5Mod1 product=NI 9230 (BNC) serial=35189383 ai_channels=3
2026-01-18 11:13:32,844 | WARNING | Config device not found name=cDAQ3 model=cDAQ3Mod1
2026-01-18 11:15:04,778 | INFO | Device check start
2026-01-18 11:15:04,778 | INFO | Configured device count=1
2026-01-18 11:15:04,778 | INFO | Config device name=cDAQ3 model=cDAQ3Mod1 channels=3
2026-01-18 11:15:05,009 | INFO | Detected NI-DAQmx device count=2
2026-01-18 11:15:05,073 | INFO | Detected device name=cDAQ5 product=cDAQ-9171 serial=39448847 ai_channels=0
2026-01-18 11:15:05,077 | INFO | Detected device name=cDAQ5Mod1 product=NI 9230 (BNC) serial=35189383 ai_channels=3
2026-01-18 11:15:05,077 | WARNING | Config device not found name=cDAQ3 model=cDAQ3Mod1
2026-01-18 11:15:40,452 | INFO | Device check start
2026-01-18 11:15:40,452 | INFO | Configured device count=1
2026-01-18 11:15:40,453 | INFO | Config device name=cDAQ3 model=cDAQ5Mod1 channels=3
2026-01-18 11:15:40,652 | INFO | Detected NI-DAQmx device count=2
2026-01-18 11:15:40,711 | INFO | Detected device name=cDAQ5 product=cDAQ-9171 serial=39448847 ai_channels=0
2026-01-18 11:15:40,715 | INFO | Detected device name=cDAQ5Mod1 product=NI 9230 (BNC) serial=35189383 ai_channels=3
2026-01-18 11:15:40,717 | INFO | Config match name=cDAQ3 actual_name=cDAQ5Mod1 product=NI 9230 (BNC) serial=35189383 ai_channels=3 config_channels=3
2026-01-18 11:17:42,405 | INFO | Device check start
2026-01-18 11:17:42,405 | INFO | Configured device count=1
2026-01-18 11:17:42,405 | INFO | Config device name=cDAQ3 model=cDAQ5Mod1 channels=3
2026-01-18 11:17:42,406 | INFO | Detected NI-DAQmx device count=2
2026-01-18 11:17:42,407 | INFO | Detected device name=cDAQ5 product=cDAQ-9171 serial=39448847 ai_channels=0
2026-01-18 11:17:42,408 | INFO | Detected device name=cDAQ5Mod1 product=NI 9230 (BNC) serial=35189383 ai_channels=3
2026-01-18 11:17:42,409 | INFO | Config match name=cDAQ3 actual_name=cDAQ5Mod1 product=NI 9230 (BNC) serial=35189383 ai_channels=3 config_channels=3
2026-01-18 11:17:46,467 | INFO | Device check start
2026-01-18 11:17:46,467 | INFO | Configured device count=1
2026-01-18 11:17:46,467 | INFO | Config device name=cDAQ3 model=cDAQ5Mod1 channels=3
2026-01-18 11:17:46,467 | INFO | Detected NI-DAQmx device count=2
2026-01-18 11:17:46,468 | INFO | Detected device name=cDAQ5 product=cDAQ-9171 serial=39448847 ai_channels=0
2026-01-18 11:17:46,470 | INFO | Detected device name=cDAQ5Mod1 product=NI 9230 (BNC) serial=35189383 ai_channels=3
2026-01-18 11:17:46,471 | INFO | Config match name=cDAQ3 actual_name=cDAQ5Mod1 product=NI 9230 (BNC) serial=35189383 ai_channels=3 config_channels=3
2026-01-18 11:17:46,482 | INFO | Device check start
2026-01-18 11:17:46,485 | INFO | Configured device count=1
2026-01-18 11:17:46,485 | INFO | Config device name=cDAQ3 model=cDAQ5Mod1 channels=3
2026-01-18 11:17:46,486 | INFO | Detected NI-DAQmx device count=2
2026-01-18 11:17:46,486 | INFO | Detected device name=cDAQ5 product=cDAQ-9171 serial=39448847 ai_channels=0
2026-01-18 11:17:46,488 | INFO | Detected device name=cDAQ5Mod1 product=NI 9230 (BNC) serial=35189383 ai_channels=3
2026-01-18 11:17:46,489 | INFO | Config match name=cDAQ3 actual_name=cDAQ5Mod1 product=NI 9230 (BNC) serial=35189383 ai_channels=3 config_channels=3
2026-01-18 11:18:41,565 | INFO | Device check start
2026-01-18 11:18:41,566 | INFO | Configured device count=1
2026-01-18 11:18:41,566 | INFO | Config device name=cDAQ3 model=cDAQ5Mod1 channels=3
2026-01-18 11:18:41,670 | INFO | Detected NI-DAQmx device count=2
2026-01-18 11:18:41,715 | INFO | Detected device name=cDAQ5 product=cDAQ-9171 serial=39448847 ai_channels=0
2026-01-18 11:18:41,718 | INFO | Detected device name=cDAQ5Mod1 product=NI 9230 (BNC) serial=35189383 ai_channels=3
2026-01-18 11:18:41,720 | INFO | Config match name=cDAQ3 actual_name=cDAQ5Mod1 product=NI 9230 (BNC) serial=35189383 ai_channels=3 config_channels=3
2026-01-18 11:19:21,905 | INFO | Device check start
2026-01-18 11:19:21,906 | INFO | Configured device count=1
2026-01-18 11:19:21,906 | INFO | Config device name=cDAQ5 model=cDAQ5Mod1 channels=3
2026-01-18 11:19:22,012 | INFO | Detected NI-DAQmx device count=2
2026-01-18 11:19:22,054 | INFO | Detected device name=cDAQ5 product=cDAQ-9171 serial=39448847 ai_channels=0
2026-01-18 11:19:22,057 | INFO | Detected device name=cDAQ5Mod1 product=NI 9230 (BNC) serial=35189383 ai_channels=3
2026-01-18 11:19:22,058 | INFO | Config match name=cDAQ5 actual_name=cDAQ5 product=cDAQ-9171 serial=39448847 ai_channels=0 config_channels=3
2026-01-18 11:20:20,772 | INFO | Device check start
2026-01-18 11:20:20,772 | INFO | Configured device count=1
2026-01-18 11:20:20,772 | INFO | Config device name=cDAQ5 model=cDAQ5Mod1 channels=3
2026-01-18 11:20:20,772 | INFO | Detected NI-DAQmx device count=2
2026-01-18 11:20:20,775 | INFO | Detected device name=cDAQ5 product=cDAQ-9171 serial=39448847 ai_channels=0
2026-01-18 11:20:20,776 | INFO | Detected device name=cDAQ5Mod1 product=NI 9230 (BNC) serial=35189383 ai_channels=3
2026-01-18 11:20:20,776 | INFO | Config match name=cDAQ5 actual_name=cDAQ5 product=cDAQ-9171 serial=39448847 ai_channels=0 config_channels=3
2026-01-18 11:22:10,438 | INFO | Device check start
2026-01-18 11:22:10,438 | INFO | Configured device count=1
2026-01-18 11:22:10,438 | INFO | Config device name=cDAQ5 model=cDAQ5Mod1 channels=3
2026-01-18 11:22:10,439 | INFO | Detected NI-DAQmx device count=2
2026-01-18 11:22:10,441 | INFO | Detected device name=cDAQ5 product=cDAQ-9171 serial=39448847 ai_channels=0
2026-01-18 11:22:10,442 | INFO | Detected device name=cDAQ5Mod1 product=NI 9230 (BNC) serial=35189383 ai_channels=3
2026-01-18 11:22:10,443 | INFO | Config match name=cDAQ5 actual_name=cDAQ5 product=cDAQ-9171 serial=39448847 ai_channels=0 config_channels=3
2026-01-18 11:23:31,105 | INFO | Device check start
2026-01-18 11:23:31,105 | INFO | Configured device count=1
2026-01-18 11:23:31,105 | INFO | Config device name=cDAQ5 model=cDAQ5Mod1 channels=3
2026-01-18 11:23:31,106 | INFO | Detected NI-DAQmx device count=2
2026-01-18 11:23:31,106 | INFO | Detected device name=cDAQ5 product=cDAQ-9171 serial=39448847 ai_channels=0
2026-01-18 11:23:31,108 | INFO | Detected device name=cDAQ5Mod1 product=NI 9230 (BNC) serial=35189383 ai_channels=3
2026-01-18 11:23:31,108 | INFO | Config match name=cDAQ5 actual_name=cDAQ5 product=cDAQ-9171 serial=39448847 ai_channels=0 config_channels=3
2026-01-19 10:58:02,535 | INFO | Device check start
2026-01-19 10:58:02,547 | INFO | Configured device count=1
2026-01-19 10:58:02,548 | INFO | Config device name=cDAQ5 model=cDAQ5Mod1 channels=3
2026-01-19 10:58:02,558 | INFO | Detected NI-DAQmx device count=0
2026-01-19 10:58:02,558 | WARNING | Config device not found name=cDAQ5 model=cDAQ5Mod1
2026-01-19 10:58:19,989 | INFO | Device check start
2026-01-19 10:58:19,989 | INFO | Configured device count=1
2026-01-19 10:58:19,990 | INFO | Config device name=cDAQ5 model=cDAQ5Mod1 channels=3
2026-01-19 10:58:19,997 | INFO | Detected NI-DAQmx device count=0
2026-01-19 10:58:19,998 | WARNING | Config device not found name=cDAQ5 model=cDAQ5Mod1
2026-01-19 10:59:00,096 | INFO | Device check start
2026-01-19 10:59:00,096 | INFO | Configured device count=1
2026-01-19 10:59:00,096 | INFO | Config device name=cDAQ5 model=cDAQ5Mod1 channels=3
2026-01-19 10:59:00,097 | INFO | Detected NI-DAQmx device count=2
2026-01-19 10:59:00,151 | INFO | Detected device name=cDAQ5 product=cDAQ-9171 serial=39448847 ai_channels=0
2026-01-19 10:59:00,155 | INFO | Detected device name=cDAQ5Mod1 product=NI 9230 (BNC) serial=35189383 ai_channels=3
2026-01-19 10:59:00,156 | INFO | Config match name=cDAQ5 actual_name=cDAQ5 product=cDAQ-9171 serial=39448847 ai_channels=0 config_channels=3
2026-01-19 11:00:29,910 | INFO | Device check start
2026-01-19 11:00:29,910 | INFO | Configured device count=1
2026-01-19 11:00:29,910 | INFO | Config device name=cDAQ5 model=cDAQ5Mod1 channels=3
2026-01-19 11:00:29,911 | INFO | Detected NI-DAQmx device count=2
2026-01-19 11:00:29,912 | INFO | Detected device name=cDAQ5 product=cDAQ-9171 serial=39448847 ai_channels=0
2026-01-19 11:00:29,913 | INFO | Detected device name=cDAQ5Mod1 product=NI 9230 (BNC) serial=35189383 ai_channels=3
2026-01-19 11:00:29,914 | INFO | Config match name=cDAQ5 actual_name=cDAQ5 product=cDAQ-9171 serial=39448847 ai_channels=0 config_channels=3
2026-01-19 11:06:46,574 | INFO | Device check start
2026-01-19 11:06:46,574 | INFO | Configured device count=1
2026-01-19 11:06:46,574 | INFO | Config device name=cDAQ5 model=cDAQ5Mod1 channels=3
2026-01-19 11:06:46,575 | INFO | Detected NI-DAQmx device count=2
2026-01-19 11:06:46,576 | INFO | Detected device name=cDAQ5 product=cDAQ-9171 serial=39448847 ai_channels=0
2026-01-19 11:06:46,578 | INFO | Detected device name=cDAQ5Mod1 product=NI 9230 (BNC) serial=35189383 ai_channels=3
2026-01-19 11:06:46,579 | INFO | Config match name=cDAQ5 actual_name=cDAQ5 product=cDAQ-9171 serial=39448847 ai_channels=0 config_channels=3
2026-01-19 16:05:25,968 | INFO | Device check start
2026-01-19 16:05:25,969 | INFO | Configured device count=1
2026-01-19 16:05:25,969 | INFO | Config device name=cDAQ5 model=cDAQ5Mod1 channels=3
2026-01-19 16:05:25,969 | INFO | Detected NI-DAQmx device count=2
2026-01-19 16:05:26,020 | INFO | Detected device name=cDAQ5 product=cDAQ-9171 serial=39448847 ai_channels=0
2026-01-19 16:05:26,023 | INFO | Detected device name=cDAQ5Mod1 product=NI 9230 (BNC) serial=35189383 ai_channels=3
2026-01-19 16:05:26,024 | INFO | Config match name=cDAQ5 actual_name=cDAQ5 product=cDAQ-9171 serial=39448847 ai_channels=0 config_channels=3
2026-01-20 10:54:32,246 | INFO | Device check start
2026-01-20 10:54:32,246 | INFO | Configured device count=1
2026-01-20 10:54:32,246 | INFO | Config device name=cDAQ5 model=cDAQ5Mod1 channels=3
2026-01-20 10:54:32,246 | INFO | Detected NI-DAQmx device count=2
2026-01-20 10:54:32,315 | INFO | Detected device name=cDAQ5 product=cDAQ-9171 serial=39448847 ai_channels=0
2026-01-20 10:54:32,319 | INFO | Detected device name=cDAQ5Mod1 product=NI 9230 (BNC) serial=35189383 ai_channels=3
2026-01-20 10:54:32,321 | INFO | Config match name=cDAQ5 actual_name=cDAQ5 product=cDAQ-9171 serial=39448847 ai_channels=0 config_channels=3
2026-01-20 10:55:03,030 | INFO | Device check start
2026-01-20 10:55:03,030 | INFO | Configured device count=1
2026-01-20 10:55:03,030 | INFO | Config device name=cDAQ5 model=cDAQ5Mod1 channels=3
2026-01-20 10:55:03,031 | INFO | Detected NI-DAQmx device count=2
2026-01-20 10:55:03,032 | INFO | Detected device name=cDAQ5 product=cDAQ-9171 serial=39448847 ai_channels=0
2026-01-20 10:55:03,034 | INFO | Detected device name=cDAQ5Mod1 product=NI 9230 (BNC) serial=35189383 ai_channels=3
2026-01-20 10:55:03,035 | INFO | Config match name=cDAQ5 actual_name=cDAQ5 product=cDAQ-9171 serial=39448847 ai_channels=0 config_channels=3
2026-01-20 19:48:54,682 | INFO | Device check start
2026-01-20 19:48:54,682 | INFO | Configured device count=1
2026-01-20 19:48:54,682 | INFO | Config device name=cDAQ5 model=cDAQ5Mod1 channels=3
2026-01-20 19:48:54,683 | INFO | Detected NI-DAQmx device count=2
2026-01-20 19:48:54,726 | INFO | Detected device name=cDAQ5 product=cDAQ-9171 serial=39448847 ai_channels=0
2026-01-20 19:48:54,731 | INFO | Detected device name=cDAQ5Mod1 product=NI 9230 (BNC) serial=35189383 ai_channels=3
2026-01-20 19:48:54,732 | INFO | Config match name=cDAQ5 actual_name=cDAQ5 product=cDAQ-9171 serial=39448847 ai_channels=0 config_channels=3
2026-01-20 19:49:13,259 | INFO | Device check start
2026-01-20 19:49:13,260 | INFO | Configured device count=1
2026-01-20 19:49:13,260 | INFO | Config device name=cDAQ5 model=cDAQ5Mod1 channels=3
2026-01-20 19:49:13,260 | INFO | Detected NI-DAQmx device count=2
2026-01-20 19:49:13,295 | INFO | Detected device name=cDAQ5 product=cDAQ-9171 serial=39448847 ai_channels=0
2026-01-20 19:49:13,300 | INFO | Detected device name=cDAQ5Mod1 product=NI 9230 (BNC) serial=35189383 ai_channels=3
2026-01-20 19:49:13,301 | INFO | Config match name=cDAQ5 actual_name=cDAQ5 product=cDAQ-9171 serial=39448847 ai_channels=0 config_channels=3
2026-01-20 19:49:27,386 | INFO | Device check start
2026-01-20 19:49:27,386 | INFO | Configured device count=1
2026-01-20 19:49:27,387 | INFO | Config device name=cDAQ5 model=cDAQ5Mod1 channels=3
2026-01-20 19:49:27,387 | INFO | Detected NI-DAQmx device count=2
2026-01-20 19:49:27,426 | INFO | Detected device name=cDAQ5 product=cDAQ-9171 serial=39448847 ai_channels=0
2026-01-20 19:49:27,431 | INFO | Detected device name=cDAQ5Mod1 product=NI 9230 (BNC) serial=35189383 ai_channels=3
2026-01-20 19:49:27,432 | INFO | Config match name=cDAQ5 actual_name=cDAQ5 product=cDAQ-9171 serial=39448847 ai_channels=0 config_channels=3
2026-01-20 19:52:45,600 | INFO | Device check start
2026-01-20 19:52:45,813 | INFO | Configured device count=1
2026-01-20 19:52:45,814 | INFO | Config device name=cDAQ5 model=cDAQ5Mod1 channels=3
2026-01-20 19:52:45,814 | INFO | Detected NI-DAQmx device count=2
2026-01-20 19:52:45,844 | INFO | Detected device name=cDAQ5 product=cDAQ-9171 serial=39448847 ai_channels=0
2026-01-20 19:52:45,849 | INFO | Detected device name=cDAQ5Mod1 product=NI 9230 (BNC) serial=35189383 ai_channels=3
2026-01-20 19:52:45,850 | INFO | Config match name=cDAQ5 actual_name=cDAQ5 product=cDAQ-9171 serial=39448847 ai_channels=0 config_channels=3
2026-01-20 19:58:57,042 | INFO | Device check start
2026-01-20 19:58:57,044 | INFO | Configured device count=1
2026-01-20 19:58:57,044 | INFO | Config device name=cDAQ5 model=cDAQ5Mod1 channels=3
2026-01-20 19:58:57,044 | INFO | Detected NI-DAQmx device count=2
2026-01-20 19:58:57,080 | INFO | Detected device name=cDAQ5 product=cDAQ-9171 serial=39448847 ai_channels=0
2026-01-20 19:58:57,084 | INFO | Detected device name=cDAQ5Mod1 product=NI 9230 (BNC) serial=35189383 ai_channels=3
2026-01-20 19:58:57,085 | INFO | Config match name=cDAQ5 actual_name=cDAQ5 product=cDAQ-9171 serial=39448847 ai_channels=0 config_channels=3
2026-01-20 20:03:32,932 | INFO | Device check start
2026-01-20 20:03:32,932 | INFO | Configured device count=1
2026-01-20 20:03:32,932 | INFO | Config device name=cDAQ5 model=cDAQ5Mod1 channels=3
2026-01-20 20:03:32,933 | INFO | Detected NI-DAQmx device count=2
2026-01-20 20:03:32,969 | INFO | Detected device name=cDAQ5 product=cDAQ-9171 serial=39448847 ai_channels=0
2026-01-20 20:03:32,973 | INFO | Detected device name=cDAQ5Mod1 product=NI 9230 (BNC) serial=35189383 ai_channels=3
2026-01-20 20:03:32,974 | INFO | Config match name=cDAQ5 actual_name=cDAQ5 product=cDAQ-9171 serial=39448847 ai_channels=0 config_channels=3
2026-01-20 20:11:27,352 | INFO | Device check start
2026-01-20 20:11:27,352 | INFO | Configured device count=1
2026-01-20 20:11:27,352 | INFO | Config device name=cDAQ5 model=cDAQ5Mod1 channels=3
2026-01-20 20:11:27,352 | INFO | Detected NI-DAQmx device count=2
2026-01-20 20:11:27,391 | INFO | Detected device name=cDAQ5 product=cDAQ-9171 serial=39448847 ai_channels=0
2026-01-20 20:11:27,395 | INFO | Detected device name=cDAQ5Mod1 product=NI 9230 (BNC) serial=35189383 ai_channels=3
2026-01-20 20:11:27,395 | INFO | Config match name=cDAQ5 actual_name=cDAQ5 product=cDAQ-9171 serial=39448847 ai_channels=0 config_channels=3
2026-01-20 20:16:15,082 | INFO | Device check start
2026-01-20 20:16:15,082 | INFO | Configured device count=1
2026-01-20 20:16:15,082 | INFO | Config device name=cDAQ5 model=cDAQ5Mod1 channels=3
2026-01-20 20:16:15,084 | INFO | Detected NI-DAQmx device count=2
2026-01-20 20:16:15,085 | INFO | Detected device name=cDAQ5 product=cDAQ-9171 serial=39448847 ai_channels=0
2026-01-20 20:16:15,086 | INFO | Detected device name=cDAQ5Mod1 product=NI 9230 (BNC) serial=35189383 ai_channels=3
2026-01-20 20:16:15,087 | INFO | Config match name=cDAQ5 actual_name=cDAQ5 product=cDAQ-9171 serial=39448847 ai_channels=0 config_channels=3
2026-01-20 20:16:53,753 | INFO | Device check start
2026-01-20 20:16:53,753 | INFO | Configured device count=1
2026-01-20 20:16:53,753 | INFO | Config device name=cDAQ5 model=cDAQ5Mod1 channels=3
2026-01-20 20:16:53,754 | INFO | Detected NI-DAQmx device count=2
2026-01-20 20:16:53,755 | INFO | Detected device name=cDAQ5 product=cDAQ-9171 serial=39448847 ai_channels=0
2026-01-20 20:16:53,756 | INFO | Detected device name=cDAQ5Mod1 product=NI 9230 (BNC) serial=35189383 ai_channels=3
2026-01-20 20:16:53,757 | INFO | Config match name=cDAQ5 actual_name=cDAQ5 product=cDAQ-9171 serial=39448847 ai_channels=0 config_channels=3
2026-01-20 20:17:34,841 | INFO | Device check start
2026-01-20 20:17:34,841 | INFO | Configured device count=1
2026-01-20 20:17:34,841 | INFO | Config device name=cDAQ5 model=cDAQ5Mod1 channels=3
2026-01-20 20:17:34,842 | INFO | Detected NI-DAQmx device count=2
2026-01-20 20:17:34,884 | INFO | Detected device name=cDAQ5 product=cDAQ-9171 serial=39448847 ai_channels=0
2026-01-20 20:17:34,888 | INFO | Detected device name=cDAQ5Mod1 product=NI 9230 (BNC) serial=35189383 ai_channels=3
2026-01-20 20:17:34,888 | INFO | Config match name=cDAQ5 actual_name=cDAQ5 product=cDAQ-9171 serial=39448847 ai_channels=0 config_channels=3
2026-01-20 20:18:00,591 | INFO | Device check start
2026-01-20 20:18:00,591 | INFO | Configured device count=1
2026-01-20 20:18:00,591 | INFO | Config device name=cDAQ5 model=cDAQ5Mod1 channels=3
2026-01-20 20:18:00,592 | INFO | Detected NI-DAQmx device count=2
2026-01-20 20:18:00,593 | INFO | Detected device name=cDAQ5 product=cDAQ-9171 serial=39448847 ai_channels=0
2026-01-20 20:18:00,594 | INFO | Detected device name=cDAQ5Mod1 product=NI 9230 (BNC) serial=35189383 ai_channels=3
2026-01-20 20:18:00,595 | INFO | Config match name=cDAQ5 actual_name=cDAQ5 product=cDAQ-9171 serial=39448847 ai_channels=0 config_channels=3
2026-01-20 20:20:09,503 | INFO | Device check start
2026-01-20 20:20:09,844 | INFO | Configured device count=1
2026-01-20 20:20:09,875 | INFO | Config device name=cDAQ5 model=cDAQ5Mod1 channels=3
2026-01-20 20:20:09,876 | INFO | Detected NI-DAQmx device count=2
2026-01-20 20:20:09,877 | INFO | Detected device name=cDAQ5 product=cDAQ-9171 serial=39448847 ai_channels=0
2026-01-20 20:20:09,879 | INFO | Detected device name=cDAQ5Mod1 product=NI 9230 (BNC) serial=35189383 ai_channels=3
2026-01-20 20:20:09,881 | INFO | Config match name=cDAQ5 actual_name=cDAQ5 product=cDAQ-9171 serial=39448847 ai_channels=0 config_channels=3
2026-01-20 20:20:20,727 | INFO | Device check start
2026-01-20 20:20:20,727 | INFO | Configured device count=1
2026-01-20 20:20:20,727 | INFO | Config device name=cDAQ5 model=cDAQ5Mod1 channels=3
2026-01-20 20:20:20,728 | INFO | Detected NI-DAQmx device count=2
2026-01-20 20:20:20,765 | INFO | Detected device name=cDAQ5 product=cDAQ-9171 serial=39448847 ai_channels=0
2026-01-20 20:20:20,769 | INFO | Detected device name=cDAQ5Mod1 product=NI 9230 (BNC) serial=35189383 ai_channels=3
2026-01-20 20:20:20,770 | INFO | Config match name=cDAQ5 actual_name=cDAQ5 product=cDAQ-9171 serial=39448847 ai_channels=0 config_channels=3
2026-01-20 20:24:00,873 | INFO | Device check start
2026-01-20 20:24:00,874 | INFO | Configured device count=1
2026-01-20 20:24:00,874 | INFO | Config device name=cDAQ5 model=cDAQ5Mod1 channels=3
2026-01-20 20:24:00,874 | INFO | Detected NI-DAQmx device count=2
2026-01-20 20:24:00,914 | INFO | Detected device name=cDAQ5 product=cDAQ-9171 serial=39448847 ai_channels=0
2026-01-20 20:24:00,918 | INFO | Detected device name=cDAQ5Mod1 product=NI 9230 (BNC) serial=35189383 ai_channels=3
2026-01-20 20:24:00,919 | INFO | Config match name=cDAQ5 actual_name=cDAQ5 product=cDAQ-9171 serial=39448847 ai_channels=0 config_channels=3
2026-01-20 20:27:28,110 | INFO | Device check start
2026-01-20 20:27:28,110 | INFO | Configured device count=1
2026-01-20 20:27:28,111 | INFO | Config device name=cDAQ5 model=cDAQ5Mod1 channels=3
2026-01-20 20:27:28,111 | INFO | Detected NI-DAQmx device count=2
2026-01-20 20:27:28,112 | INFO | Detected device name=cDAQ5 product=cDAQ-9171 serial=39448847 ai_channels=0
2026-01-20 20:27:28,114 | INFO | Detected device name=cDAQ5Mod1 product=NI 9230 (BNC) serial=35189383 ai_channels=3
2026-01-20 20:27:28,115 | INFO | Config match name=cDAQ5 actual_name=cDAQ5 product=cDAQ-9171 serial=39448847 ai_channels=0 config_channels=3
2026-01-20 20:28:09,992 | INFO | Device check start
2026-01-20 20:28:09,992 | INFO | Device check start
2026-01-20 20:28:09,992 | INFO | Configured device count=1
2026-01-20 20:28:09,992 | INFO | Configured device count=1
2026-01-20 20:28:09,993 | INFO | Config device name=cDAQ5 model=cDAQ5Mod1 channels=3
2026-01-20 20:28:09,993 | INFO | Config device name=cDAQ5 model=cDAQ5Mod1 channels=3
2026-01-20 20:28:09,993 | INFO | Detected NI-DAQmx device count=2
2026-01-20 20:28:09,993 | INFO | Detected NI-DAQmx device count=2
2026-01-20 20:28:09,994 | INFO | Detected device name=cDAQ5 product=cDAQ-9171 serial=39448847 ai_channels=0
2026-01-20 20:28:09,995 | INFO | Detected device name=cDAQ5 product=cDAQ-9171 serial=39448847 ai_channels=0
2026-01-20 20:28:09,996 | INFO | Detected device name=cDAQ5Mod1 product=NI 9230 (BNC) serial=35189383 ai_channels=3
2026-01-20 20:28:09,997 | INFO | Detected device name=cDAQ5Mod1 product=NI 9230 (BNC) serial=35189383 ai_channels=3
2026-01-20 20:28:09,997 | INFO | Config match name=cDAQ5 actual_name=cDAQ5 product=cDAQ-9171 serial=39448847 ai_channels=0 config_channels=3
2026-01-20 20:28:09,998 | INFO | Config match name=cDAQ5 actual_name=cDAQ5 product=cDAQ-9171 serial=39448847 ai_channels=0 config_channels=3
2026-01-20 20:31:20,274 | INFO | Device check start
2026-01-20 20:31:20,275 | INFO | Configured device count=1
2026-01-20 20:31:20,275 | INFO | Config device name=cDAQ5 model=cDAQ5Mod1 channels=3
2026-01-20 20:31:20,275 | INFO | Detected NI-DAQmx device count=2
2026-01-20 20:31:20,315 | INFO | Detected device name=cDAQ5 product=cDAQ-9171 serial=39448847 ai_channels=0
2026-01-20 20:31:20,319 | INFO | Detected device name=cDAQ5Mod1 product=NI 9230 (BNC) serial=35189383 ai_channels=3
2026-01-20 20:31:20,320 | INFO | Config match name=cDAQ5 actual_name=cDAQ5 product=cDAQ-9171 serial=39448847 ai_channels=0 config_channels=3
2026-01-20 20:33:20,077 | INFO | Device check start
2026-01-20 20:33:20,077 | INFO | Configured device count=1
2026-01-20 20:33:20,079 | INFO | Config device name=cDAQ5 model=cDAQ5Mod1 channels=3
2026-01-20 20:33:20,079 | INFO | Detected NI-DAQmx device count=2
2026-01-20 20:33:20,080 | INFO | Detected device name=cDAQ5 product=cDAQ-9171 serial=39448847 ai_channels=0
2026-01-20 20:33:20,082 | INFO | Detected device name=cDAQ5Mod1 product=NI 9230 (BNC) serial=35189383 ai_channels=3
2026-01-20 20:33:20,083 | INFO | Config match name=cDAQ5 actual_name=cDAQ5 product=cDAQ-9171 serial=39448847 ai_channels=0 config_channels=3
2026-01-24 22:02:47,541 | INFO | Device check start
2026-01-24 22:02:47,542 | INFO | Configured device count=1
2026-01-24 22:02:47,542 | INFO | Config device name=cDAQ5 model=cDAQ5Mod1 channels=3
2026-01-24 22:02:47,551 | INFO | Detected NI-DAQmx device count=0
2026-01-24 22:02:47,564 | WARNING | Config device not found name=cDAQ5 model=cDAQ5Mod1
2026-01-24 22:04:32,991 | INFO | Auto-mapped config device name cDAQ5 -> cDAQ3
2026-01-24 22:04:33,091 | INFO | Device check start
2026-01-24 22:04:33,092 | INFO | Configured device count=1
2026-01-24 22:04:33,092 | INFO | Config device name=cDAQ3 model=cDAQ3Mod1 channels=3
2026-01-24 22:04:33,092 | INFO | Detected NI-DAQmx device count=2
2026-01-24 22:04:33,146 | INFO | Detected device name=cDAQ3 product=cDAQ-9171 serial=30567211 ai_channels=0
2026-01-24 22:04:33,152 | INFO | Detected device name=cDAQ3Mod1 product=NI 9230 (BNC) serial=36103754 ai_channels=3
2026-01-24 22:04:33,153 | INFO | Config match name=cDAQ3 actual_name=cDAQ3 product=cDAQ-9171 serial=30567211 ai_channels=0 config_channels=3
2026-01-24 22:08:27,263 | INFO | Device check start
2026-01-24 22:08:27,264 | INFO | Configured device count=1
2026-01-24 22:08:27,264 | INFO | Config device name=cDAQ3 model=cDAQ3Mod1 channels=3
2026-01-24 22:08:27,265 | INFO | Detected NI-DAQmx device count=2
2026-01-24 22:08:27,303 | INFO | Detected device name=cDAQ3 product=cDAQ-9171 serial=30567211 ai_channels=0
2026-01-24 22:08:27,307 | INFO | Detected device name=cDAQ3Mod1 product=NI 9230 (BNC) serial=36103754 ai_channels=3
2026-01-24 22:08:27,309 | INFO | Config match name=cDAQ3 actual_name=cDAQ3 product=cDAQ-9171 serial=30567211 ai_channels=0 config_channels=3
2026-01-24 22:09:54,048 | INFO | Device check start
2026-01-24 22:09:54,048 | INFO | Configured device count=1
2026-01-24 22:09:54,048 | INFO | Config device name=cDAQ3 model=cDAQ3Mod1 channels=3
2026-01-24 22:09:54,049 | INFO | Detected NI-DAQmx device count=2
2026-01-24 22:09:54,050 | INFO | Detected device name=cDAQ3 product=cDAQ-9171 serial=30567211 ai_channels=0
2026-01-24 22:09:54,051 | INFO | Detected device name=cDAQ3Mod1 product=NI 9230 (BNC) serial=36103754 ai_channels=3
2026-01-24 22:09:54,053 | INFO | Config match name=cDAQ3 actual_name=cDAQ3 product=cDAQ-9171 serial=30567211 ai_channels=0 config_channels=3
2026-01-25 11:22:03,024 | INFO | Device check start
2026-01-25 11:22:03,024 | INFO | Configured device count=1
2026-01-25 11:22:03,025 | INFO | Config device name=cDAQ3 model=cDAQ3Mod1 channels=3
2026-01-25 11:22:03,025 | INFO | Detected NI-DAQmx device count=2
2026-01-25 11:22:03,071 | INFO | Detected device name=cDAQ3 product=cDAQ-9171 serial=30567211 ai_channels=0
2026-01-25 11:22:03,075 | INFO | Detected device name=cDAQ3Mod1 product=NI 9230 (BNC) serial=36103754 ai_channels=3
2026-01-25 11:22:03,076 | INFO | Config match name=cDAQ3 actual_name=cDAQ3 product=cDAQ-9171 serial=30567211 ai_channels=0 config_channels=3
2026-01-25 11:25:44,518 | INFO | Device check start
2026-01-25 11:25:44,518 | INFO | Configured device count=1
2026-01-25 11:25:44,518 | INFO | Config device name=cDAQ3 model=cDAQ3Mod1 channels=3
2026-01-25 11:25:44,519 | INFO | Detected NI-DAQmx device count=2
2026-01-25 11:25:44,552 | INFO | Detected device name=cDAQ3 product=cDAQ-9171 serial=30567211 ai_channels=0
2026-01-25 11:25:44,556 | INFO | Detected device name=cDAQ3Mod1 product=NI 9230 (BNC) serial=36103754 ai_channels=3
2026-01-25 11:25:44,557 | INFO | Config match name=cDAQ3 actual_name=cDAQ3 product=cDAQ-9171 serial=30567211 ai_channels=0 config_channels=3
2026-01-25 11:30:07,278 | INFO | Device check start
2026-01-25 11:30:07,279 | INFO | Configured device count=1
2026-01-25 11:30:07,279 | INFO | Config device name=cDAQ3 model=cDAQ3Mod1 channels=3
2026-01-25 11:30:07,279 | INFO | Detected NI-DAQmx device count=2
2026-01-25 11:30:07,281 | INFO | Detected device name=cDAQ3 product=cDAQ-9171 serial=30567211 ai_channels=0
2026-01-25 11:30:07,282 | INFO | Detected device name=cDAQ3Mod1 product=NI 9230 (BNC) serial=36103754 ai_channels=3
2026-01-25 11:30:07,283 | INFO | Config match name=cDAQ3 actual_name=cDAQ3 product=cDAQ-9171 serial=30567211 ai_channels=0 config_channels=3
2026-01-25 11:38:18,320 | INFO | Device check start
2026-01-25 11:38:18,320 | INFO | Configured device count=1
2026-01-25 11:38:18,320 | INFO | Config device name=cDAQ3 model=cDAQ3Mod1 channels=3
2026-01-25 11:38:18,321 | INFO | Detected NI-DAQmx device count=2
2026-01-25 11:38:18,359 | INFO | Detected device name=cDAQ3 product=cDAQ-9171 serial=30567211 ai_channels=0
2026-01-25 11:38:18,364 | INFO | Detected device name=cDAQ3Mod1 product=NI 9230 (BNC) serial=36103754 ai_channels=3
2026-01-25 11:38:18,365 | INFO | Config match name=cDAQ3 actual_name=cDAQ3 product=cDAQ-9171 serial=30567211 ai_channels=0 config_channels=3
2026-01-25 11:41:01,441 | INFO | Device check start
2026-01-25 11:41:01,442 | INFO | Configured device count=1
2026-01-25 11:41:01,442 | INFO | Config device name=cDAQ3 model=cDAQ3Mod1 channels=3
2026-01-25 11:41:01,443 | INFO | Detected NI-DAQmx device count=2
2026-01-25 11:41:01,487 | INFO | Detected device name=cDAQ3 product=cDAQ-9171 serial=30567211 ai_channels=0
2026-01-25 11:41:01,491 | INFO | Detected device name=cDAQ3Mod1 product=NI 9230 (BNC) serial=36103754 ai_channels=3
2026-01-25 11:41:01,492 | INFO | Config match name=cDAQ3 actual_name=cDAQ3 product=cDAQ-9171 serial=30567211 ai_channels=0 config_channels=3
2026-01-25 11:50:39,469 | INFO | Device check start
2026-01-25 11:50:39,469 | INFO | Configured device count=1
2026-01-25 11:50:39,470 | INFO | Config device name=cDAQ3 model=cDAQ3Mod1 channels=3
2026-01-25 11:50:39,470 | INFO | Detected NI-DAQmx device count=2
2026-01-25 11:50:39,509 | INFO | Detected device name=cDAQ3 product=cDAQ-9171 serial=30567211 ai_channels=0
2026-01-25 11:50:39,513 | INFO | Detected device name=cDAQ3Mod1 product=NI 9230 (BNC) serial=36103754 ai_channels=3
2026-01-25 11:50:39,516 | INFO | Config match name=cDAQ3 actual_name=cDAQ3 product=cDAQ-9171 serial=30567211 ai_channels=0 config_channels=3
2026-01-25 11:52:49,613 | INFO | Device check start
2026-01-25 11:52:49,613 | INFO | Configured device count=1
2026-01-25 11:52:49,614 | INFO | Config device name=cDAQ3 model=cDAQ3Mod1 channels=3
2026-01-25 11:52:49,614 | INFO | Detected NI-DAQmx device count=2
2026-01-25 11:52:49,648 | INFO | Detected device name=cDAQ3 product=cDAQ-9171 serial=30567211 ai_channels=0
2026-01-25 11:52:49,652 | INFO | Detected device name=cDAQ3Mod1 product=NI 9230 (BNC) serial=36103754 ai_channels=3
2026-01-25 11:52:49,653 | INFO | Config match name=cDAQ3 actual_name=cDAQ3 product=cDAQ-9171 serial=30567211 ai_channels=0 config_channels=3
2026-01-25 11:55:24,412 | INFO | Device check start
2026-01-25 11:55:24,412 | INFO | Configured device count=1
2026-01-25 11:55:24,412 | INFO | Config device name=cDAQ3 model=cDAQ3Mod1 channels=3
2026-01-25 11:55:24,413 | INFO | Detected NI-DAQmx device count=2
2026-01-25 11:55:24,413 | INFO | Detected device name=cDAQ3 product=cDAQ-9171 serial=30567211 ai_channels=0
2026-01-25 11:55:24,416 | INFO | Detected device name=cDAQ3Mod1 product=NI 9230 (BNC) serial=36103754 ai_channels=3
2026-01-25 11:55:24,417 | INFO | Config match name=cDAQ3 actual_name=cDAQ3 product=cDAQ-9171 serial=30567211 ai_channels=0 config_channels=3
2026-01-25 11:58:15,309 | INFO | Device check start
2026-01-25 11:58:15,309 | INFO | Configured device count=1
2026-01-25 11:58:15,309 | INFO | Config device name=cDAQ3 model=cDAQ3Mod1 channels=3
2026-01-25 11:58:15,310 | INFO | Detected NI-DAQmx device count=2
2026-01-25 11:58:15,348 | INFO | Detected device name=cDAQ3 product=cDAQ-9171 serial=30567211 ai_channels=0
2026-01-25 11:58:15,353 | INFO | Detected device name=cDAQ3Mod1 product=NI 9230 (BNC) serial=36103754 ai_channels=3
2026-01-25 11:58:15,354 | INFO | Config match name=cDAQ3 actual_name=cDAQ3 product=cDAQ-9171 serial=30567211 ai_channels=0 config_channels=3
2026-01-25 12:01:35,353 | INFO | Device check start
2026-01-25 12:01:35,353 | INFO | Configured device count=1
2026-01-25 12:01:35,354 | INFO | Config device name=cDAQ3 model=cDAQ3Mod1 channels=3
2026-01-25 12:01:35,354 | INFO | Detected NI-DAQmx device count=2
2026-01-25 12:01:35,393 | INFO | Detected device name=cDAQ3 product=cDAQ-9171 serial=30567211 ai_channels=0
2026-01-25 12:01:35,397 | INFO | Detected device name=cDAQ3Mod1 product=NI 9230 (BNC) serial=36103754 ai_channels=3
2026-01-25 12:01:35,398 | INFO | Config match name=cDAQ3 actual_name=cDAQ3 product=cDAQ-9171 serial=30567211 ai_channels=0 config_channels=3
2026-01-25 12:06:54,079 | INFO | Device check start
2026-01-25 12:06:54,079 | INFO | Configured device count=1
2026-01-25 12:06:54,079 | INFO | Config device name=cDAQ3 model=cDAQ3Mod1 channels=3
2026-01-25 12:06:54,080 | INFO | Detected NI-DAQmx device count=2
2026-01-25 12:06:54,119 | INFO | Detected device name=cDAQ3 product=cDAQ-9171 serial=30567211 ai_channels=0
2026-01-25 12:06:54,123 | INFO | Detected device name=cDAQ3Mod1 product=NI 9230 (BNC) serial=36103754 ai_channels=3
2026-01-25 12:06:54,124 | INFO | Config match name=cDAQ3 actual_name=cDAQ3 product=cDAQ-9171 serial=30567211 ai_channels=0 config_channels=3
2026-01-25 12:10:47,642 | INFO | Device check start
2026-01-25 12:10:47,643 | INFO | Configured device count=1
2026-01-25 12:10:47,643 | INFO | Config device name=cDAQ3 model=cDAQ3Mod1 channels=3
2026-01-25 12:10:47,643 | INFO | Detected NI-DAQmx device count=2
2026-01-25 12:10:47,678 | INFO | Detected device name=cDAQ3 product=cDAQ-9171 serial=30567211 ai_channels=0
2026-01-25 12:10:47,683 | INFO | Detected device name=cDAQ3Mod1 product=NI 9230 (BNC) serial=36103754 ai_channels=3
2026-01-25 12:10:47,684 | INFO | Config match name=cDAQ3 actual_name=cDAQ3 product=cDAQ-9171 serial=30567211 ai_channels=0 config_channels=3
2026-01-25 12:13:55,469 | INFO | Device check start
2026-01-25 12:13:55,469 | INFO | Configured device count=1
2026-01-25 12:13:55,469 | INFO | Config device name=cDAQ3 model=cDAQ3Mod1 channels=3
2026-01-25 12:13:55,470 | INFO | Detected NI-DAQmx device count=2
2026-01-25 12:13:55,503 | INFO | Detected device name=cDAQ3 product=cDAQ-9171 serial=30567211 ai_channels=0
2026-01-25 12:13:55,508 | INFO | Detected device name=cDAQ3Mod1 product=NI 9230 (BNC) serial=36103754 ai_channels=3
2026-01-25 12:13:55,509 | INFO | Config match name=cDAQ3 actual_name=cDAQ3 product=cDAQ-9171 serial=30567211 ai_channels=0 config_channels=3
2026-01-25 12:16:49,027 | INFO | Device check start
2026-01-25 12:16:49,027 | INFO | Configured device count=1
2026-01-25 12:16:49,027 | INFO | Config device name=cDAQ3 model=cDAQ3Mod1 channels=3
2026-01-25 12:16:49,028 | INFO | Detected NI-DAQmx device count=2
2026-01-25 12:16:49,073 | INFO | Detected device name=cDAQ3 product=cDAQ-9171 serial=30567211 ai_channels=0
2026-01-25 12:16:49,077 | INFO | Detected device name=cDAQ3Mod1 product=NI 9230 (BNC) serial=36103754 ai_channels=3
2026-01-25 12:16:49,078 | INFO | Config match name=cDAQ3 actual_name=cDAQ3 product=cDAQ-9171 serial=30567211 ai_channels=0 config_channels=3
2026-01-25 12:17:45,953 | INFO | Device check start
2026-01-25 12:17:45,953 | INFO | Configured device count=1
2026-01-25 12:17:45,954 | INFO | Config device name=cDAQ3 model=cDAQ3Mod1 channels=3
2026-01-25 12:17:45,954 | INFO | Detected NI-DAQmx device count=2
2026-01-25 12:17:45,998 | INFO | Detected device name=cDAQ3 product=cDAQ-9171 serial=30567211 ai_channels=0
2026-01-25 12:17:46,002 | INFO | Detected device name=cDAQ3Mod1 product=NI 9230 (BNC) serial=36103754 ai_channels=3
2026-01-25 12:17:46,003 | INFO | Config match name=cDAQ3 actual_name=cDAQ3 product=cDAQ-9171 serial=30567211 ai_channels=0 config_channels=3
2026-01-25 16:14:05,615 | INFO | Device check start
2026-01-25 16:14:05,615 | INFO | Configured device count=1
2026-01-25 16:14:05,615 | INFO | Config device name=cDAQ3 model=cDAQ3Mod1 channels=3
2026-01-25 16:14:05,615 | INFO | Detected NI-DAQmx device count=2
2026-01-25 16:14:05,685 | INFO | Detected device name=cDAQ3 product=cDAQ-9171 serial=30567211 ai_channels=0
2026-01-25 16:14:05,690 | INFO | Detected device name=cDAQ3Mod1 product=NI 9230 (BNC) serial=36103754 ai_channels=3
2026-01-25 16:14:05,691 | INFO | Config match name=cDAQ3 actual_name=cDAQ3 product=cDAQ-9171 serial=30567211 ai_channels=0 config_channels=3
2026-01-25 16:21:59,424 | INFO | Device check start
2026-01-25 16:21:59,424 | INFO | Configured device count=1
2026-01-25 16:21:59,424 | INFO | Config device name=cDAQ3 model=cDAQ3Mod1 channels=3
2026-01-25 16:21:59,425 | INFO | Detected NI-DAQmx device count=2
2026-01-25 16:21:59,468 | INFO | Detected device name=cDAQ3 product=cDAQ-9171 serial=30567211 ai_channels=0
2026-01-25 16:21:59,471 | INFO | Detected device name=cDAQ3Mod1 product=NI 9230 (BNC) serial=36103754 ai_channels=3
2026-01-25 16:21:59,472 | INFO | Config match name=cDAQ3 actual_name=cDAQ3 product=cDAQ-9171 serial=30567211 ai_channels=0 config_channels=3
2026-01-25 16:25:21,156 | INFO | Device check start
2026-01-25 16:25:21,156 | INFO | Configured device count=1
2026-01-25 16:25:21,156 | INFO | Config device name=cDAQ3 model=cDAQ3Mod1 channels=3
2026-01-25 16:25:21,157 | INFO | Detected NI-DAQmx device count=2
2026-01-25 16:25:21,194 | INFO | Detected device name=cDAQ3 product=cDAQ-9171 serial=30567211 ai_channels=0
2026-01-25 16:25:21,199 | INFO | Detected device name=cDAQ3Mod1 product=NI 9230 (BNC) serial=36103754 ai_channels=3
2026-01-25 16:25:21,200 | INFO | Config match name=cDAQ3 actual_name=cDAQ3 product=cDAQ-9171 serial=30567211 ai_channels=0 config_channels=3
2026-01-25 16:26:15,994 | INFO | Device check start
2026-01-25 16:26:15,994 | INFO | Configured device count=1
2026-01-25 16:26:15,995 | INFO | Config device name=cDAQ3 model=cDAQ3Mod1 channels=3
2026-01-25 16:26:15,995 | INFO | Detected NI-DAQmx device count=2
2026-01-25 16:26:16,032 | INFO | Detected device name=cDAQ3 product=cDAQ-9171 serial=30567211 ai_channels=0
2026-01-25 16:26:16,036 | INFO | Detected device name=cDAQ3Mod1 product=NI 9230 (BNC) serial=36103754 ai_channels=3
2026-01-25 16:26:16,038 | INFO | Config match name=cDAQ3 actual_name=cDAQ3 product=cDAQ-9171 serial=30567211 ai_channels=0 config_channels=3
2026-01-25 16:26:50,859 | INFO | Device check start
2026-01-25 16:26:50,859 | INFO | Configured device count=1
2026-01-25 16:26:50,860 | INFO | Config device name=cDAQ3 model=cDAQ3Mod1 channels=3
2026-01-25 16:26:50,860 | INFO | Detected NI-DAQmx device count=2
2026-01-25 16:26:50,902 | INFO | Detected device name=cDAQ3 product=cDAQ-9171 serial=30567211 ai_channels=0
2026-01-25 16:26:50,907 | INFO | Detected device name=cDAQ3Mod1 product=NI 9230 (BNC) serial=36103754 ai_channels=3
2026-01-25 16:26:50,908 | INFO | Config match name=cDAQ3 actual_name=cDAQ3 product=cDAQ-9171 serial=30567211 ai_channels=0 config_channels=3
2026-01-25 16:27:28,262 | INFO | Device check start
2026-01-25 16:27:28,262 | INFO | Configured device count=1
2026-01-25 16:27:28,263 | INFO | Config device name=cDAQ3 model=cDAQ3Mod1 channels=3
2026-01-25 16:27:28,263 | INFO | Detected NI-DAQmx device count=2
2026-01-25 16:27:28,308 | INFO | Detected device name=cDAQ3 product=cDAQ-9171 serial=30567211 ai_channels=0
2026-01-25 16:27:28,313 | INFO | Detected device name=cDAQ3Mod1 product=NI 9230 (BNC) serial=36103754 ai_channels=3
2026-01-25 16:27:28,314 | INFO | Config match name=cDAQ3 actual_name=cDAQ3 product=cDAQ-9171 serial=30567211 ai_channels=0 config_channels=3
2026-01-25 16:28:21,308 | INFO | Device check start
2026-01-25 16:28:21,309 | INFO | Configured device count=1
2026-01-25 16:28:21,309 | INFO | Config device name=cDAQ3 model=cDAQ3Mod1 channels=3
2026-01-25 16:28:21,309 | INFO | Detected NI-DAQmx device count=2
2026-01-25 16:28:21,356 | INFO | Detected device name=cDAQ3 product=cDAQ-9171 serial=30567211 ai_channels=0
2026-01-25 16:28:21,359 | INFO | Detected device name=cDAQ3Mod1 product=NI 9230 (BNC) serial=36103754 ai_channels=3
2026-01-25 16:28:21,360 | INFO | Config match name=cDAQ3 actual_name=cDAQ3 product=cDAQ-9171 serial=30567211 ai_channels=0 config_channels=3
2026-01-25 16:29:06,678 | INFO | Device check start
2026-01-25 16:29:06,678 | INFO | Configured device count=1
2026-01-25 16:29:06,678 | INFO | Config device name=cDAQ3 model=cDAQ3Mod1 channels=3
2026-01-25 16:29:06,678 | INFO | Detected NI-DAQmx device count=2
2026-01-25 16:29:06,713 | INFO | Detected device name=cDAQ3 product=cDAQ-9171 serial=30567211 ai_channels=0
2026-01-25 16:29:06,718 | INFO | Detected device name=cDAQ3Mod1 product=NI 9230 (BNC) serial=36103754 ai_channels=3
2026-01-25 16:29:06,719 | INFO | Config match name=cDAQ3 actual_name=cDAQ3 product=cDAQ-9171 serial=30567211 ai_channels=0 config_channels=3
2026-01-25 16:43:41,133 | INFO | Device check start
2026-01-25 16:43:41,134 | INFO | Configured device count=1
2026-01-25 16:43:41,134 | INFO | Config device name=cDAQ3 model=cDAQ3Mod1 channels=3
2026-01-25 16:43:41,134 | INFO | Detected NI-DAQmx device count=2
2026-01-25 16:43:41,177 | INFO | Detected device name=cDAQ3 product=cDAQ-9171 serial=30567211 ai_channels=0
2026-01-25 16:43:41,181 | INFO | Detected device name=cDAQ3Mod1 product=NI 9230 (BNC) serial=36103754 ai_channels=3
2026-01-25 16:43:41,182 | INFO | Config match name=cDAQ3 actual_name=cDAQ3 product=cDAQ-9171 serial=30567211 ai_channels=0 config_channels=3
2026-01-25 17:36:27,649 | INFO | Device check start
2026-01-25 17:36:27,649 | INFO | Configured device count=1
2026-01-25 17:36:27,649 | INFO | Config device name=cDAQ3 model=cDAQ3Mod1 channels=3
2026-01-25 17:36:27,650 | INFO | Detected NI-DAQmx device count=2
2026-01-25 17:36:27,693 | INFO | Detected device name=cDAQ3 product=cDAQ-9171 serial=30567211 ai_channels=0
2026-01-25 17:36:27,697 | INFO | Detected device name=cDAQ3Mod1 product=NI 9230 (BNC) serial=36103754 ai_channels=3
2026-01-25 17:36:27,698 | INFO | Config match name=cDAQ3 actual_name=cDAQ3 product=cDAQ-9171 serial=30567211 ai_channels=0 config_channels=3
2026-01-25 17:44:27,638 | INFO | Device check start
2026-01-25 17:44:27,638 | INFO | Configured device count=1
2026-01-25 17:44:27,639 | INFO | Config device name=cDAQ3 model=cDAQ3Mod1 channels=3
2026-01-25 17:44:27,639 | INFO | Detected NI-DAQmx device count=2
2026-01-25 17:44:27,682 | INFO | Detected device name=cDAQ3 product=cDAQ-9171 serial=30567211 ai_channels=0
2026-01-25 17:44:27,688 | INFO | Detected device name=cDAQ3Mod1 product=NI 9230 (BNC) serial=36103754 ai_channels=3
2026-01-25 17:44:27,689 | INFO | Config match name=cDAQ3 actual_name=cDAQ3 product=cDAQ-9171 serial=30567211 ai_channels=0 config_channels=3
2026-01-25 17:46:56,450 | INFO | Device check start
2026-01-25 17:46:56,450 | INFO | Configured device count=1
2026-01-25 17:46:56,450 | INFO | Config device name=cDAQ3 model=cDAQ3Mod1 channels=3
2026-01-25 17:46:56,450 | INFO | Detected NI-DAQmx device count=2
2026-01-25 17:46:56,451 | INFO | Detected device name=cDAQ3 product=cDAQ-9171 serial=30567211 ai_channels=0
2026-01-25 17:46:56,453 | INFO | Detected device name=cDAQ3Mod1 product=NI 9230 (BNC) serial=36103754 ai_channels=3
2026-01-25 17:46:56,454 | INFO | Config match name=cDAQ3 actual_name=cDAQ3 product=cDAQ-9171 serial=30567211 ai_channels=0 config_channels=3
2026-01-25 17:48:36,153 | INFO | Device check start
2026-01-25 17:48:36,153 | INFO | Configured device count=1
2026-01-25 17:48:36,154 | INFO | Config device name=cDAQ3 model=cDAQ3Mod1 channels=3
2026-01-25 17:48:36,154 | INFO | Detected NI-DAQmx device count=2
2026-01-25 17:48:36,155 | INFO | Detected device name=cDAQ3 product=cDAQ-9171 serial=30567211 ai_channels=0
2026-01-25 17:48:36,158 | INFO | Detected device name=cDAQ3Mod1 product=NI 9230 (BNC) serial=36103754 ai_channels=3
2026-01-25 17:48:36,159 | INFO | Config match name=cDAQ3 actual_name=cDAQ3 product=cDAQ-9171 serial=30567211 ai_channels=0 config_channels=3
2026-01-25 17:57:38,835 | INFO | Device check start
2026-01-25 17:57:38,835 | INFO | Configured device count=1
2026-01-25 17:57:38,835 | INFO | Config device name=cDAQ3 model=cDAQ3Mod1 channels=3
2026-01-25 17:57:38,835 | INFO | Detected NI-DAQmx device count=2
2026-01-25 17:57:38,878 | INFO | Detected device name=cDAQ3 product=cDAQ-9171 serial=30567211 ai_channels=0
2026-01-25 17:57:38,882 | INFO | Detected device name=cDAQ3Mod1 product=NI 9230 (BNC) serial=36103754 ai_channels=3
2026-01-25 17:57:38,883 | INFO | Config match name=cDAQ3 actual_name=cDAQ3 product=cDAQ-9171 serial=30567211 ai_channels=0 config_channels=3
2026-01-25 18:00:48,504 | INFO | Device check start
2026-01-25 18:00:48,505 | INFO | Configured device count=1
2026-01-25 18:00:48,505 | INFO | Config device name=cDAQ3 model=cDAQ3Mod1 channels=3
2026-01-25 18:00:48,505 | INFO | Detected NI-DAQmx device count=2
2026-01-25 18:00:48,506 | INFO | Detected device name=cDAQ3 product=cDAQ-9171 serial=30567211 ai_channels=0
2026-01-25 18:00:48,508 | INFO | Detected device name=cDAQ3Mod1 product=NI 9230 (BNC) serial=36103754 ai_channels=3
2026-01-25 18:00:48,510 | INFO | Config match name=cDAQ3 actual_name=cDAQ3 product=cDAQ-9171 serial=30567211 ai_channels=0 config_channels=3
2026-01-25 18:06:30,568 | INFO | Device check start
2026-01-25 18:06:30,568 | INFO | Configured device count=1
2026-01-25 18:06:30,568 | INFO | Config device name=cDAQ3 model=cDAQ3Mod1 channels=3
2026-01-25 18:06:30,569 | INFO | Detected NI-DAQmx device count=2
2026-01-25 18:06:30,603 | INFO | Detected device name=cDAQ3 product=cDAQ-9171 serial=30567211 ai_channels=0
2026-01-25 18:06:30,607 | INFO | Detected device name=cDAQ3Mod1 product=NI 9230 (BNC) serial=36103754 ai_channels=3
2026-01-25 18:06:30,609 | INFO | Config match name=cDAQ3 actual_name=cDAQ3 product=cDAQ-9171 serial=30567211 ai_channels=0 config_channels=3
2026-01-25 18:09:54,203 | INFO | Device check start
2026-01-25 18:09:54,203 | INFO | Configured device count=1
2026-01-25 18:09:54,203 | INFO | Config device name=cDAQ3 model=cDAQ3Mod1 channels=3
2026-01-25 18:09:54,203 | INFO | Detected NI-DAQmx device count=2
2026-01-25 18:09:54,243 | INFO | Detected device name=cDAQ3 product=cDAQ-9171 serial=30567211 ai_channels=0
2026-01-25 18:09:54,248 | INFO | Detected device name=cDAQ3Mod1 product=NI 9230 (BNC) serial=36103754 ai_channels=3
2026-01-25 18:09:54,250 | INFO | Config match name=cDAQ3 actual_name=cDAQ3 product=cDAQ-9171 serial=30567211 ai_channels=0 config_channels=3
2026-01-25 18:12:22,492 | INFO | Device check start
2026-01-25 18:12:22,492 | INFO | Configured device count=1
2026-01-25 18:12:22,492 | INFO | Config device name=cDAQ3 model=cDAQ3Mod1 channels=3
2026-01-25 18:12:22,493 | INFO | Detected NI-DAQmx device count=2
2026-01-25 18:12:22,533 | INFO | Detected device name=cDAQ3 product=cDAQ-9171 serial=30567211 ai_channels=0
2026-01-25 18:12:22,537 | INFO | Detected device name=cDAQ3Mod1 product=NI 9230 (BNC) serial=36103754 ai_channels=3
2026-01-25 18:12:22,540 | INFO | Config match name=cDAQ3 actual_name=cDAQ3 product=cDAQ-9171 serial=30567211 ai_channels=0 config_channels=3
2026-01-25 18:21:17,416 | INFO | Device check start
2026-01-25 18:21:17,417 | INFO | Configured device count=1
2026-01-25 18:21:17,417 | INFO | Config device name=cDAQ3 model=cDAQ3Mod1 channels=3
2026-01-25 18:21:17,417 | INFO | Detected NI-DAQmx device count=2
2026-01-25 18:21:17,459 | INFO | Detected device name=cDAQ3 product=cDAQ-9171 serial=30567211 ai_channels=0
2026-01-25 18:21:17,463 | INFO | Detected device name=cDAQ3Mod1 product=NI 9230 (BNC) serial=36103754 ai_channels=3
2026-01-25 18:21:17,464 | INFO | Config match name=cDAQ3 actual_name=cDAQ3 product=cDAQ-9171 serial=30567211 ai_channels=0 config_channels=3
2026-01-25 18:23:09,205 | INFO | Device check start
2026-01-25 18:23:09,206 | INFO | Configured device count=1
2026-01-25 18:23:09,206 | INFO | Config device name=cDAQ3 model=cDAQ3Mod1 channels=3
2026-01-25 18:23:09,206 | INFO | Detected NI-DAQmx device count=2
2026-01-25 18:23:09,207 | INFO | Detected device name=cDAQ3 product=cDAQ-9171 serial=30567211 ai_channels=0
2026-01-25 18:23:09,209 | INFO | Detected device name=cDAQ3Mod1 product=NI 9230 (BNC) serial=36103754 ai_channels=3
2026-01-25 18:23:09,210 | INFO | Config match name=cDAQ3 actual_name=cDAQ3 product=cDAQ-9171 serial=30567211 ai_channels=0 config_channels=3
2026-01-25 18:24:34,561 | INFO | Device check start
2026-01-25 18:24:34,561 | INFO | Configured device count=1
2026-01-25 18:24:34,561 | INFO | Config device name=cDAQ3 model=cDAQ3Mod1 channels=3
2026-01-25 18:24:34,561 | INFO | Detected NI-DAQmx device count=2
2026-01-25 18:24:34,603 | INFO | Detected device name=cDAQ3 product=cDAQ-9171 serial=30567211 ai_channels=0
2026-01-25 18:24:34,607 | INFO | Detected device name=cDAQ3Mod1 product=NI 9230 (BNC) serial=36103754 ai_channels=3
2026-01-25 18:24:34,609 | INFO | Config match name=cDAQ3 actual_name=cDAQ3 product=cDAQ-9171 serial=30567211 ai_channels=0 config_channels=3
2026-01-25 18:26:25,379 | INFO | Device check start
2026-01-25 18:26:25,379 | INFO | Configured device count=1
2026-01-25 18:26:25,380 | INFO | Config device name=cDAQ3 model=cDAQ3Mod1 channels=3
2026-01-25 18:26:25,380 | INFO | Detected NI-DAQmx device count=2
2026-01-25 18:26:25,381 | INFO | Detected device name=cDAQ3 product=cDAQ-9171 serial=30567211 ai_channels=0
2026-01-25 18:26:25,382 | INFO | Detected device name=cDAQ3Mod1 product=NI 9230 (BNC) serial=36103754 ai_channels=3
2026-01-25 18:26:25,383 | INFO | Config match name=cDAQ3 actual_name=cDAQ3 product=cDAQ-9171 serial=30567211 ai_channels=0 config_channels=3
2026-01-25 18:38:44,313 | INFO | Device check start
2026-01-25 18:38:44,313 | INFO | Configured device count=1
2026-01-25 18:38:44,314 | INFO | Config device name=cDAQ3 model=cDAQ3Mod1 channels=3
2026-01-25 18:38:44,314 | INFO | Detected NI-DAQmx device count=2
2026-01-25 18:38:44,359 | INFO | Detected device name=cDAQ3 product=cDAQ-9171 serial=30567211 ai_channels=0
2026-01-25 18:38:44,363 | INFO | Detected device name=cDAQ3Mod1 product=NI 9230 (BNC) serial=36103754 ai_channels=3
2026-01-25 18:38:44,364 | INFO | Config match name=cDAQ3 actual_name=cDAQ3 product=cDAQ-9171 serial=30567211 ai_channels=0 config_channels=3
2026-01-25 18:41:13,181 | INFO | Device check start
2026-01-25 18:41:13,182 | INFO | Configured device count=1
2026-01-25 18:41:13,182 | INFO | Config device name=cDAQ3 model=cDAQ3Mod1 channels=3
2026-01-25 18:41:13,182 | INFO | Detected NI-DAQmx device count=2
2026-01-25 18:41:13,222 | INFO | Detected device name=cDAQ3 product=cDAQ-9171 serial=30567211 ai_channels=0
2026-01-25 18:41:13,226 | INFO | Detected device name=cDAQ3Mod1 product=NI 9230 (BNC) serial=36103754 ai_channels=3
2026-01-25 18:41:13,227 | INFO | Config match name=cDAQ3 actual_name=cDAQ3 product=cDAQ-9171 serial=30567211 ai_channels=0 config_channels=3
2026-01-25 18:44:49,249 | INFO | Device check start
2026-01-25 18:44:49,249 | INFO | Configured device count=1
2026-01-25 18:44:49,249 | INFO | Config device name=cDAQ3 model=cDAQ3Mod1 channels=3
2026-01-25 18:44:49,250 | INFO | Detected NI-DAQmx device count=2
2026-01-25 18:44:49,287 | INFO | Detected device name=cDAQ3 product=cDAQ-9171 serial=30567211 ai_channels=0
2026-01-25 18:44:49,292 | INFO | Detected device name=cDAQ3Mod1 product=NI 9230 (BNC) serial=36103754 ai_channels=3
2026-01-25 18:44:49,293 | INFO | Config match name=cDAQ3 actual_name=cDAQ3 product=cDAQ-9171 serial=30567211 ai_channels=0 config_channels=3
2026-01-25 18:47:08,123 | INFO | Device check start
2026-01-25 18:47:08,124 | INFO | Configured device count=1
2026-01-25 18:47:08,124 | INFO | Config device name=cDAQ3 model=cDAQ3Mod1 channels=3
2026-01-25 18:47:08,124 | INFO | Detected NI-DAQmx device count=2
2026-01-25 18:47:08,167 | INFO | Detected device name=cDAQ3 product=cDAQ-9171 serial=30567211 ai_channels=0
2026-01-25 18:47:08,171 | INFO | Detected device name=cDAQ3Mod1 product=NI 9230 (BNC) serial=36103754 ai_channels=3
2026-01-25 18:47:08,172 | INFO | Config match name=cDAQ3 actual_name=cDAQ3 product=cDAQ-9171 serial=30567211 ai_channels=0 config_channels=3
2026-01-25 18:51:06,587 | INFO | Device check start
2026-01-25 18:51:06,587 | INFO | Configured device count=1
2026-01-25 18:51:06,588 | INFO | Config device name=cDAQ3 model=cDAQ3Mod1 channels=3
2026-01-25 18:51:06,588 | INFO | Detected NI-DAQmx device count=2
2026-01-25 18:51:06,623 | INFO | Detected device name=cDAQ3 product=cDAQ-9171 serial=30567211 ai_channels=0
2026-01-25 18:51:06,627 | INFO | Detected device name=cDAQ3Mod1 product=NI 9230 (BNC) serial=36103754 ai_channels=3
2026-01-25 18:51:06,627 | INFO | Config match name=cDAQ3 actual_name=cDAQ3 product=cDAQ-9171 serial=30567211 ai_channels=0 config_channels=3
2026-01-25 18:59:24,034 | INFO | Device check start
2026-01-25 18:59:24,034 | INFO | Configured device count=1
2026-01-25 18:59:24,034 | INFO | Config device name=cDAQ3 model=cDAQ3Mod1 channels=3
2026-01-25 18:59:24,035 | INFO | Detected NI-DAQmx device count=2
2026-01-25 18:59:24,074 | INFO | Detected device name=cDAQ3 product=cDAQ-9171 serial=30567211 ai_channels=0
2026-01-25 18:59:24,078 | INFO | Detected device name=cDAQ3Mod1 product=NI 9230 (BNC) serial=36103754 ai_channels=3
2026-01-25 18:59:24,079 | INFO | Config match name=cDAQ3 actual_name=cDAQ3 product=cDAQ-9171 serial=30567211 ai_channels=0 config_channels=3
2026-01-25 19:04:17,944 | INFO | Device check start
2026-01-25 19:04:17,944 | INFO | Configured device count=1
2026-01-25 19:04:17,945 | INFO | Config device name=cDAQ3 model=cDAQ3Mod1 channels=3
2026-01-25 19:04:17,945 | INFO | Detected NI-DAQmx device count=2
2026-01-25 19:04:17,946 | INFO | Detected device name=cDAQ3 product=cDAQ-9171 serial=30567211 ai_channels=0
2026-01-25 19:04:17,948 | INFO | Detected device name=cDAQ3Mod1 product=NI 9230 (BNC) serial=36103754 ai_channels=3
2026-01-25 19:04:17,949 | INFO | Config match name=cDAQ3 actual_name=cDAQ3 product=cDAQ-9171 serial=30567211 ai_channels=0 config_channels=3
2026-01-25 19:07:05,805 | INFO | Device check start
2026-01-25 19:07:05,805 | INFO | Configured device count=1
2026-01-25 19:07:05,805 | INFO | Config device name=cDAQ3 model=cDAQ3Mod1 channels=3
2026-01-25 19:07:05,806 | INFO | Detected NI-DAQmx device count=2
2026-01-25 19:07:05,838 | INFO | Detected device name=cDAQ3 product=cDAQ-9171 serial=30567211 ai_channels=0
2026-01-25 19:07:05,842 | INFO | Detected device name=cDAQ3Mod1 product=NI 9230 (BNC) serial=36103754 ai_channels=3
2026-01-25 19:07:05,843 | INFO | Config match name=cDAQ3 actual_name=cDAQ3 product=cDAQ-9171 serial=30567211 ai_channels=0 config_channels=3
2026-01-25 19:20:35,712 | INFO | Device check start
2026-01-25 19:20:35,712 | INFO | Configured device count=1
2026-01-25 19:20:35,712 | INFO | Config device name=cDAQ3 model=cDAQ3Mod1 channels=3
2026-01-25 19:20:35,712 | INFO | Detected NI-DAQmx device count=2
2026-01-25 19:20:35,757 | INFO | Detected device name=cDAQ3 product=cDAQ-9171 serial=30567211 ai_channels=0
2026-01-25 19:20:35,761 | INFO | Detected device name=cDAQ3Mod1 product=NI 9230 (BNC) serial=36103754 ai_channels=3
2026-01-25 19:20:35,761 | INFO | Config match name=cDAQ3 actual_name=cDAQ3 product=cDAQ-9171 serial=30567211 ai_channels=0 config_channels=3
2026-01-25 19:27:47,304 | INFO | Device check start
2026-01-25 19:27:47,304 | INFO | Configured device count=1
2026-01-25 19:27:47,305 | INFO | Config device name=cDAQ3 model=cDAQ3Mod1 channels=3
2026-01-25 19:27:47,305 | INFO | Detected NI-DAQmx device count=2
2026-01-25 19:27:47,344 | INFO | Detected device name=cDAQ3 product=cDAQ-9171 serial=30567211 ai_channels=0
2026-01-25 19:27:47,349 | INFO | Detected device name=cDAQ3Mod1 product=NI 9230 (BNC) serial=36103754 ai_channels=3
2026-01-25 19:27:47,350 | INFO | Config match name=cDAQ3 actual_name=cDAQ3 product=cDAQ-9171 serial=30567211 ai_channels=0 config_channels=3
2026-01-25 19:36:27,963 | INFO | Device check start
2026-01-25 19:36:27,963 | INFO | Configured device count=1
2026-01-25 19:36:27,963 | INFO | Config device name=cDAQ3 model=cDAQ3Mod1 channels=3
2026-01-25 19:36:27,964 | INFO | Detected NI-DAQmx device count=2
2026-01-25 19:36:28,012 | INFO | Detected device name=cDAQ3 product=cDAQ-9171 serial=30567211 ai_channels=0
2026-01-25 19:36:28,016 | INFO | Detected device name=cDAQ3Mod1 product=NI 9230 (BNC) serial=36103754 ai_channels=3
2026-01-25 19:36:28,017 | INFO | Config match name=cDAQ3 actual_name=cDAQ3 product=cDAQ-9171 serial=30567211 ai_channels=0 config_channels=3
2026-01-25 19:39:31,240 | INFO | Device check start
2026-01-25 19:39:31,241 | INFO | Configured device count=1
2026-01-25 19:39:31,241 | INFO | Config device name=cDAQ3 model=cDAQ3Mod1 channels=3
2026-01-25 19:39:31,241 | INFO | Detected NI-DAQmx device count=2
2026-01-25 19:39:31,286 | INFO | Detected device name=cDAQ3 product=cDAQ-9171 serial=30567211 ai_channels=0
2026-01-25 19:39:31,291 | INFO | Detected device name=cDAQ3Mod1 product=NI 9230 (BNC) serial=36103754 ai_channels=3
2026-01-25 19:39:31,292 | INFO | Config match name=cDAQ3 actual_name=cDAQ3 product=cDAQ-9171 serial=30567211 ai_channels=0 config_channels=3
2026-01-25 19:43:52,702 | INFO | Device check start
2026-01-25 19:43:52,703 | INFO | Configured device count=1
2026-01-25 19:43:52,703 | INFO | Config device name=cDAQ3 model=cDAQ3Mod1 channels=3
2026-01-25 19:43:52,703 | INFO | Detected NI-DAQmx device count=2
2026-01-25 19:43:52,739 | INFO | Detected device name=cDAQ3 product=cDAQ-9171 serial=30567211 ai_channels=0
2026-01-25 19:43:52,743 | INFO | Detected device name=cDAQ3Mod1 product=NI 9230 (BNC) serial=36103754 ai_channels=3
2026-01-25 19:43:52,745 | INFO | Config match name=cDAQ3 actual_name=cDAQ3 product=cDAQ-9171 serial=30567211 ai_channels=0 config_channels=3
2026-01-25 19:47:37,735 | INFO | Device check start
2026-01-25 19:47:37,736 | INFO | Configured device count=1
2026-01-25 19:47:37,736 | INFO | Config device name=cDAQ3 model=cDAQ3Mod1 channels=3
2026-01-25 19:47:37,736 | INFO | Detected NI-DAQmx device count=2
2026-01-25 19:47:37,782 | INFO | Detected device name=cDAQ3 product=cDAQ-9171 serial=30567211 ai_channels=0
2026-01-25 19:47:37,785 | INFO | Detected device name=cDAQ3Mod1 product=NI 9230 (BNC) serial=36103754 ai_channels=3
2026-01-25 19:47:37,786 | INFO | Config match name=cDAQ3 actual_name=cDAQ3 product=cDAQ-9171 serial=30567211 ai_channels=0 config_channels=3
2026-01-25 19:49:35,271 | INFO | Device check start
2026-01-25 19:49:35,272 | INFO | Configured device count=1
2026-01-25 19:49:35,272 | INFO | Config device name=cDAQ3 model=cDAQ3Mod1 channels=3
2026-01-25 19:49:35,272 | INFO | Detected NI-DAQmx device count=2
2026-01-25 19:49:35,308 | INFO | Detected device name=cDAQ3 product=cDAQ-9171 serial=30567211 ai_channels=0
2026-01-25 19:49:35,312 | INFO | Detected device name=cDAQ3Mod1 product=NI 9230 (BNC) serial=36103754 ai_channels=3
2026-01-25 19:49:35,313 | INFO | Config match name=cDAQ3 actual_name=cDAQ3 product=cDAQ-9171 serial=30567211 ai_channels=0 config_channels=3
2026-01-25 19:51:47,506 | INFO | Device check start
2026-01-25 19:51:47,507 | INFO | Configured device count=1
2026-01-25 19:51:47,507 | INFO | Config device name=cDAQ3 model=cDAQ3Mod1 channels=3
2026-01-25 19:51:47,507 | INFO | Detected NI-DAQmx device count=2
2026-01-25 19:51:47,546 | INFO | Detected device name=cDAQ3 product=cDAQ-9171 serial=30567211 ai_channels=0
2026-01-25 19:51:47,550 | INFO | Detected device name=cDAQ3Mod1 product=NI 9230 (BNC) serial=36103754 ai_channels=3
2026-01-25 19:51:47,551 | INFO | Config match name=cDAQ3 actual_name=cDAQ3 product=cDAQ-9171 serial=30567211 ai_channels=0 config_channels=3
2026-01-25 19:53:51,633 | INFO | Device check start
2026-01-25 19:53:51,633 | INFO | Configured device count=1
2026-01-25 19:53:51,633 | INFO | Config device name=cDAQ3 model=cDAQ3Mod1 channels=3
2026-01-25 19:53:51,633 | INFO | Detected NI-DAQmx device count=2
2026-01-25 19:53:51,677 | INFO | Detected device name=cDAQ3 product=cDAQ-9171 serial=30567211 ai_channels=0
2026-01-25 19:53:51,682 | INFO | Detected device name=cDAQ3Mod1 product=NI 9230 (BNC) serial=36103754 ai_channels=3
2026-01-25 19:53:51,683 | INFO | Config match name=cDAQ3 actual_name=cDAQ3 product=cDAQ-9171 serial=30567211 ai_channels=0 config_channels=3
2026-01-25 19:58:09,784 | INFO | Device check start
2026-01-25 19:58:09,785 | INFO | Configured device count=1
2026-01-25 19:58:09,785 | INFO | Config device name=cDAQ3 model=cDAQ3Mod1 channels=3
2026-01-25 19:58:09,785 | INFO | Detected NI-DAQmx device count=2
2026-01-25 19:58:09,825 | INFO | Detected device name=cDAQ3 product=cDAQ-9171 serial=30567211 ai_channels=0
2026-01-25 19:58:09,829 | INFO | Detected device name=cDAQ3Mod1 product=NI 9230 (BNC) serial=36103754 ai_channels=3
2026-01-25 19:58:09,831 | INFO | Config match name=cDAQ3 actual_name=cDAQ3 product=cDAQ-9171 serial=30567211 ai_channels=0 config_channels=3
2026-01-25 19:59:33,536 | INFO | Device check start
2026-01-25 19:59:33,536 | INFO | Configured device count=1
2026-01-25 19:59:33,537 | INFO | Config device name=cDAQ3 model=cDAQ3Mod1 channels=3
2026-01-25 19:59:33,537 | INFO | Detected NI-DAQmx device count=2
2026-01-25 19:59:33,538 | INFO | Detected device name=cDAQ3 product=cDAQ-9171 serial=30567211 ai_channels=0
2026-01-25 19:59:33,540 | INFO | Detected device name=cDAQ3Mod1 product=NI 9230 (BNC) serial=36103754 ai_channels=3
2026-01-25 19:59:33,541 | INFO | Config match name=cDAQ3 actual_name=cDAQ3 product=cDAQ-9171 serial=30567211 ai_channels=0 config_channels=3
2026-01-25 20:08:52,647 | INFO | Device check start
2026-01-25 20:08:52,647 | INFO | Configured device count=1
2026-01-25 20:08:52,647 | INFO | Config device name=cDAQ3 model=cDAQ3Mod1 channels=3
2026-01-25 20:08:52,647 | INFO | Detected NI-DAQmx device count=2
2026-01-25 20:08:52,649 | INFO | Detected device name=cDAQ3 product=cDAQ-9171 serial=30567211 ai_channels=0
2026-01-25 20:08:52,651 | INFO | Detected device name=cDAQ3Mod1 product=NI 9230 (BNC) serial=36103754 ai_channels=3
2026-01-25 20:08:52,652 | INFO | Config match name=cDAQ3 actual_name=cDAQ3 product=cDAQ-9171 serial=30567211 ai_channels=0 config_channels=3
2026-01-25 20:11:03,023 | INFO | Device check start
2026-01-25 20:11:03,023 | INFO | Configured device count=1
2026-01-25 20:11:03,023 | INFO | Config device name=cDAQ3 model=cDAQ3Mod1 channels=3
2026-01-25 20:11:03,023 | INFO | Detected NI-DAQmx device count=2
2026-01-25 20:11:03,055 | INFO | Detected device name=cDAQ3 product=cDAQ-9171 serial=30567211 ai_channels=0
2026-01-25 20:11:03,060 | INFO | Detected device name=cDAQ3Mod1 product=NI 9230 (BNC) serial=36103754 ai_channels=3
2026-01-25 20:11:03,061 | INFO | Config match name=cDAQ3 actual_name=cDAQ3 product=cDAQ-9171 serial=30567211 ai_channels=0 config_channels=3
2026-01-25 20:15:58,027 | INFO | Device check start
2026-01-25 20:15:58,027 | INFO | Configured device count=1
2026-01-25 20:15:58,027 | INFO | Config device name=cDAQ3 model=cDAQ3Mod1 channels=3
2026-01-25 20:15:58,027 | INFO | Detected NI-DAQmx device count=2
2026-01-25 20:15:58,066 | INFO | Detected device name=cDAQ3 product=cDAQ-9171 serial=30567211 ai_channels=0
2026-01-25 20:15:58,071 | INFO | Detected device name=cDAQ3Mod1 product=NI 9230 (BNC) serial=36103754 ai_channels=3
2026-01-25 20:15:58,072 | INFO | Config match name=cDAQ3 actual_name=cDAQ3 product=cDAQ-9171 serial=30567211 ai_channels=0 config_channels=3
2026-01-25 20:25:30,540 | INFO | Device check start
2026-01-25 20:25:30,541 | INFO | Configured device count=1
2026-01-25 20:25:30,541 | INFO | Config device name=cDAQ3 model=cDAQ3Mod1 channels=3
2026-01-25 20:25:30,541 | INFO | Detected NI-DAQmx device count=2
2026-01-25 20:25:30,582 | INFO | Detected device name=cDAQ3 product=cDAQ-9171 serial=30567211 ai_channels=0
2026-01-25 20:25:30,586 | INFO | Detected device name=cDAQ3Mod1 product=NI 9230 (BNC) serial=36103754 ai_channels=3
2026-01-25 20:25:30,587 | INFO | Config match name=cDAQ3 actual_name=cDAQ3 product=cDAQ-9171 serial=30567211 ai_channels=0 config_channels=3
2026-01-25 20:29:18,154 | INFO | Device check start
2026-01-25 20:29:18,154 | INFO | Configured device count=1
2026-01-25 20:29:18,155 | INFO | Config device name=cDAQ3 model=cDAQ3Mod1 channels=3
2026-01-25 20:29:18,155 | INFO | Detected NI-DAQmx device count=2
2026-01-25 20:29:18,200 | INFO | Detected device name=cDAQ3 product=cDAQ-9171 serial=30567211 ai_channels=0
2026-01-25 20:29:18,205 | INFO | Detected device name=cDAQ3Mod1 product=NI 9230 (BNC) serial=36103754 ai_channels=3
2026-01-25 20:29:18,205 | INFO | Config match name=cDAQ3 actual_name=cDAQ3 product=cDAQ-9171 serial=30567211 ai_channels=0 config_channels=3
2026-01-25 20:29:31,905 | INFO | Device check start
2026-01-25 20:29:31,905 | INFO | Configured device count=1
2026-01-25 20:29:31,905 | INFO | Config device name=cDAQ3 model=cDAQ3Mod1 channels=3
2026-01-25 20:29:31,905 | INFO | Detected NI-DAQmx device count=2
2026-01-25 20:29:31,906 | INFO | Detected device name=cDAQ3 product=cDAQ-9171 serial=30567211 ai_channels=0
2026-01-25 20:29:31,908 | INFO | Detected device name=cDAQ3Mod1 product=NI 9230 (BNC) serial=36103754 ai_channels=3
2026-01-25 20:29:31,909 | INFO | Config match name=cDAQ3 actual_name=cDAQ3 product=cDAQ-9171 serial=30567211 ai_channels=0 config_channels=3
2026-01-25 20:30:58,571 | INFO | Device check start
2026-01-25 20:30:58,571 | INFO | Configured device count=1
2026-01-25 20:30:58,571 | INFO | Config device name=cDAQ3 model=cDAQ3Mod1 channels=3
2026-01-25 20:30:58,571 | INFO | Detected NI-DAQmx device count=2
2026-01-25 20:30:58,572 | INFO | Detected device name=cDAQ3 product=cDAQ-9171 serial=30567211 ai_channels=0
2026-01-25 20:30:58,575 | INFO | Detected device name=cDAQ3Mod1 product=NI 9230 (BNC) serial=36103754 ai_channels=3
2026-01-25 20:30:58,576 | INFO | Config match name=cDAQ3 actual_name=cDAQ3 product=cDAQ-9171 serial=30567211 ai_channels=0 config_channels=3
2026-01-25 20:33:08,870 | INFO | Device check start
2026-01-25 20:33:08,870 | INFO | Configured device count=1
2026-01-25 20:33:08,871 | INFO | Config device name=cDAQ3 model=cDAQ3Mod1 channels=3
2026-01-25 20:33:08,871 | INFO | Detected NI-DAQmx device count=2
2026-01-25 20:33:08,907 | INFO | Detected device name=cDAQ3 product=cDAQ-9171 serial=30567211 ai_channels=0
2026-01-25 20:33:08,913 | INFO | Detected device name=cDAQ3Mod1 product=NI 9230 (BNC) serial=36103754 ai_channels=3
2026-01-25 20:33:08,915 | INFO | Config match name=cDAQ3 actual_name=cDAQ3 product=cDAQ-9171 serial=30567211 ai_channels=0 config_channels=3
2026-01-25 20:38:15,445 | INFO | Device check start
2026-01-25 20:38:15,445 | INFO | Configured device count=1
2026-01-25 20:38:15,445 | INFO | Config device name=cDAQ3 model=cDAQ3Mod1 channels=3
2026-01-25 20:38:15,446 | INFO | Detected NI-DAQmx device count=2
2026-01-25 20:38:15,490 | INFO | Detected device name=cDAQ3 product=cDAQ-9171 serial=30567211 ai_channels=0
2026-01-25 20:38:15,495 | INFO | Detected device name=cDAQ3Mod1 product=NI 9230 (BNC) serial=36103754 ai_channels=3
2026-01-25 20:38:15,497 | INFO | Config match name=cDAQ3 actual_name=cDAQ3 product=cDAQ-9171 serial=30567211 ai_channels=0 config_channels=3
2026-01-25 20:41:51,984 | INFO | Device check start
2026-01-25 20:41:51,984 | INFO | Configured device count=1
2026-01-25 20:41:51,984 | INFO | Config device name=cDAQ3 model=cDAQ3Mod1 channels=3
2026-01-25 20:41:51,984 | INFO | Detected NI-DAQmx device count=2
2026-01-25 20:41:52,030 | INFO | Detected device name=cDAQ3 product=cDAQ-9171 serial=30567211 ai_channels=0
2026-01-25 20:41:52,034 | INFO | Detected device name=cDAQ3Mod1 product=NI 9230 (BNC) serial=36103754 ai_channels=3
2026-01-25 20:41:52,035 | INFO | Config match name=cDAQ3 actual_name=cDAQ3 product=cDAQ-9171 serial=30567211 ai_channels=0 config_channels=3
2026-01-25 20:49:36,303 | INFO | Device check start
2026-01-25 20:49:36,303 | INFO | Configured device count=1
2026-01-25 20:49:36,304 | INFO | Config device name=cDAQ3 model=cDAQ3Mod1 channels=3
2026-01-25 20:49:36,304 | INFO | Detected NI-DAQmx device count=2
2026-01-25 20:49:36,342 | INFO | Detected device name=cDAQ3 product=cDAQ-9171 serial=30567211 ai_channels=0
2026-01-25 20:49:36,346 | INFO | Detected device name=cDAQ3Mod1 product=NI 9230 (BNC) serial=36103754 ai_channels=3
2026-01-25 20:49:36,348 | INFO | Config match name=cDAQ3 actual_name=cDAQ3 product=cDAQ-9171 serial=30567211 ai_channels=0 config_channels=3
